{
  "type": "FeatureCollection",
  "features": [
    {
      "type": "Feature",
      "properties": {
        "name": "Zone 1",
        "superficie": 7567,
        "population": 247,
        "layer": "Layer 1",
        "color": "red",
        "opacity": 0.15
      },
      "geometry": {
        "type": "Polygon",
        "coordinates": [
          [
            [
              -4.332540091517303,
              45.186534493717105
            ],
            [
              -4.224886589168566,
              45.16785532283309
            ],
            [
              -4.250049395304204,
              45.133378805870514
            ],
            [
              -4.182493356699498,
              45.09369356813388
            ],
            [
              -4.1930661601737915,
              44.99797542058575
            ],
            [
              -4.1530252720497955,
              44.929017543481734
            ],
            [
              -4.043433021818521,
              44.87359266777388
            ],
            [
              -4.124122033836634,
              44.82067285873298
            ],
            [
              -4.248190343436743,
              44.80870985600858
            ],
            [
              -4.332540091517303,
              44.761995744453344
            ],
            [
              -4.413211662931235,
              44.77149165436353
            ],
            [
              -4.5040805635211,
              44.78872194242427
            ],
            [
              -4.535140044006597,
              44.871173031890564
            ],
            [
              -4.464680748553695,
              44.944728980585346
            ],
            [
              -4.528632573725506,
              45.00354132400097
            ],
            [
              -4.44564954662821,
              45.07537180656703
            ],
            [
              -4.42239300904348,
              45.09885006247737
            ],
            [
              -4.363510163458614,
              45.17898700479949
            ],
            [
              -4.332540091517303,
              45.186534493717105
            ]
          ]
        ]
      }
    },
    {
      "type": "Feature",
      "properties": {
        "name": "Zone 2",
        "superficie": 5557,
        "population": 4655,
        "layer": "Layer 2",
        "color": "blue",
        "opacity": 0.15
      },
      "geometry": {
        "type": "Polygon",
        "coordinates": [
          [
            [
              -1.940884193294715,
              44.479324753515606
            ],
            [
              -1.8000117694255857,
              44.366523853969575
            ],
            [
              -1.6421042416618798,
              44.31120818117796
            ],
            [
              -1.812597962528287,
              44.23202347086726
            ],
            [
              -1.8054015499031184,
              44.141482819130125
            ],
            [
              -1.8948872493475157,
              44.08074047655449
            ],
            [
              -1.940884193294715,
              43.98220686721993
            ],
            [
              -2.1034722406729105,
              44.03461952654037
            ],
            [
              -2.0312091241891834,
              44.14916855168712
            ],
            [
              -1.998958057963284,
              44.23202347086726
            ],
            [
              -2.133230142891279,
              44.33243037054224
            ],
            [
              -2.0618807346695105,
              44.42027164356321
            ],
            [
              -1.940884193294715,
              44.479324753515606
            ]
          ]
        ]
      }
    },
    {
      "type": "Feature",
      "properties": {
        "name": "Zone 3",
        "superficie": 4155,
        "population": 8024,
        "layer": "Layer 3",
        "color": "green",
        "opacity": 0.15
      },
      "geometry": {
        "type": "Polygon",
        "coordinates": [
          [
            [
              3.3747056888614786,
              46.17273478383228
            ],
            [
              3.4550572271758466,
              46.155887648430316
            ],
            [
              3.56289508278298,
              46.05100977459232
            ],
            [
              3.452526773608478,
              45.95401328740676
            ],
            [
              3.49547930363677,
              45.85635605160016
            ],
            [
              3.497764936974555,
              45.75407459273915
            ],
            [
              3.3747056888614786,
              45.760631683966324
            ],
            [
              3.281427643028919,
              45.76453385256627
            ],
            [
              3.173096495625445,
              45.84765686006734
            ],
            [
              3.04833180841691,
              45.95401328740676
            ],
            [
              3.1916193679807368,
              46.04199800746051
            ],
            [
              3.332320721577488,
              46.13670254585072
            ],
            [
              3.3747056888614786,
              46.17273478383228
            ]
          ]
        ]
      }
    },
    {
      "type": "Feature",
      "properties": {
        "name": "Zone 4",
        "superficie": 7009,
        "population": 6624,
        "layer": "Layer 4",
        "color": "yellow",
        "opacity": 0.15
      },
      "geometry": {
        "type": "Polygon",
        "coordinates": [
          [
            [
              -4.80771271717234,
              44.12942335389424
            ],
            [
              -4.787096464946554,
              44.10157534915285
            ],
            [
              -4.684391816911998,
              44.038701340028496
            ],
            [
              -4.712579648116299,
              44.02450806248164
            ],
            [
              -4.567868654572238,
              43.938441723336
            ],
            [
              -4.519593417390307,
              43.876032395233764
            ],
            [
              -4.664389626064372,
              43.79408532481405
            ],
            [
              -4.762532491717716,
              43.7652650008623
            ],
            [
              -4.736966842663346,
              43.69828568123337
            ],
            [
              -4.798769219677211,
              43.651563945168014
            ],
            [
              -4.8612959307615045,
              43.65350223015869
            ],
            [
              -4.848095583628704,
              43.697905339619275
            ],
            [
              -4.971381931614979,
              43.740587873690224
            ],
            [
              -5.067007026546957,
              43.814225047807
            ],
            [
              -4.950254540018658,
              43.881230048622854
            ],
            [
              -5.029265854540869,
              43.942027672730816
            ],
            [
              -5.0838485427627,
              43.990221230161026
            ],
            [
              -4.932136900552262,
              44.04765400481621
            ],
            [
              -4.882796764741901,
              44.036186338117176
            ],
            [
              -4.80771271717234,
              44.12942335389424
            ]
          ]
        ]
      }
    },
    {
      "type": "Feature",
      "properties": {
        "name": "Zone 5",
        "superficie": 5742,
        "population": 3788,
        "layer": "Layer 1",
        "color": "red",
        "opacity": 0.15
      },
      "geometry": {
        "type": "Polygon",
        "coordinates": [
          [
            [
              -4.0157911846473935,
              49.14412170175113
            ],
            [
              -3.9752193128889193,
              49.0934409191802
            ],
            [
              -3.7143528927223484,
              48.99575095946473
            ],
            [
              -3.82575368815508,
              48.9076882442675
            ],
            [
              -3.7575896549140317,
              48.817899552618826
            ],
            [
              -3.9305200094768735,
              48.72442817465028
            ],
            [
              -4.030634591097601,
              48.70556169647646
            ],
            [
              -4.219328085357537,
              48.788210039682156
            ],
            [
              -4.1701804071026904,
              48.89451764904678
            ],
            [
              -4.2835456652237065,
              49.00576598884172
            ],
            [
              -4.062219756845803,
              49.12145101422882
            ],
            [
              -4.0157911846473935,
              49.14412170175113
            ]
          ]
        ]
      }
    },
    {
      "type": "Feature",
      "properties": {
        "name": "Zone 6",
        "superficie": 6636,
        "population": 2570,
        "layer": "Layer 2",
        "color": "blue",
        "opacity": 0.15
      },
      "geometry": {
        "type": "Polygon",
        "coordinates": [
          [
            [
              -1.3343373463121013,
              44.69283644244425
            ],
            [
              -1.1991340217012783,
              44.66891374712646
            ],
            [
              -1.2110187314695706,
              44.57226356631421
            ],
            [
              -1.2297154365873078,
              44.48874403038769
            ],
            [
              -1.1297590258648178,
              44.41029537783386
            ],
            [
              -1.1688120640968838,
              44.345007480130896
            ],
            [
              -1.3343373463121013,
              44.32926233876342
            ],
            [
              -1.3732603500737504,
              44.339826690603985
            ],
            [
              -1.4927022980863425,
              44.368234145873366
            ],
            [
              -1.640564242999289,
              44.48874403038769
            ],
            [
              -1.4699283955554443,
              44.60552456124827
            ],
            [
              -1.4938003898110896,
              44.631278714187125
            ],
            [
              -1.3343373463121013,
              44.69283644244425
            ]
          ]
        ]
      }
    },
    {
      "type": "Feature",
      "properties": {
        "name": "Zone 7",
        "superficie": 5551,
        "population": 753,
        "layer": "Layer 3",
        "color": "green",
        "opacity": 0.15
      },
      "geometry": {
        "type": "Polygon",
        "coordinates": [
          [
            [
              6.60022552731234,
              44.210654798059
            ],
            [
              6.718309190904442,
              44.14897054396072
            ],
            [
              6.641959112550612,
              44.11115400814468
            ],
            [
              6.829743200051548,
              44.03879769276818
            ],
            [
              6.892686082959338,
              43.93608192362148
            ],
            [
              6.6810695327340435,
              43.870015193501295
            ],
            [
              6.6963007244629225,
              43.78224451276339
            ],
            [
              6.60022552731234,
              43.81856456421499
            ],
            [
              6.451251213123604,
              43.80177342013432
            ],
            [
              6.427395352728553,
              43.87796765465004
            ],
            [
              6.34494585823978,
              43.93137503746888
            ],
            [
              6.272972049329403,
              44.02784195857293
            ],
            [
              6.481150846137046,
              44.1228746978476
            ],
            [
              6.509112608722324,
              44.12572567473518
            ],
            [
              6.60022552731234,
              44.210654798059
            ]
          ]
        ]
      }
    },
    {
      "type": "Feature",
      "properties": {
        "name": "Zone 8",
        "superficie": 3940,
        "population": 4142,
        "layer": "Layer 4",
        "color": "yellow",
        "opacity": 0.15
      },
      "geometry": {
        "type": "Polygon",
        "coordinates": [
          [
            [
              0.6452597396916531,
              43.92827118041767
            ],
            [
              0.7687767410288548,
              43.82075331306814
            ],
            [
              0.8436746004458807,
              43.812029556638315
            ],
            [
              0.7156919023884099,
              43.716592514818174
            ],
            [
              0.7996537905878854,
              43.63133720807201
            ],
            [
              0.8668251102036724,
              43.532058145989076
            ],
            [
              0.7277922191646377,
              43.54197565500665
            ],
            [
              0.6452597396916531,
              43.43486419623919
            ],
            [
              0.5926840568279309,
              43.497211008793265
            ],
            [
              0.5548387339523194,
              43.56833541715815
            ],
            [
              0.4024725628129664,
              43.63887222997805
            ],
            [
              0.5707408211214363,
              43.716171691472326
            ],
            [
              0.5658329713487741,
              43.81422208772569
            ],
            [
              0.5121188869420426,
              43.872097616346004
            ],
            [
              0.6452597396916531,
              43.92827118041767
            ]
          ]
        ]
      }
    },
    {
      "type": "Feature",
      "properties": {
        "name": "Zone 9",
        "superficie": 6223,
        "population": 3542,
        "layer": "Layer 1",
        "color": "red",
        "opacity": 0.15
      },
      "geometry": {
        "type": "Polygon",
        "coordinates": [
          [
            [
              2.5313766384599603,
              43.135143179927226
            ],
            [
              2.615841739575839,
              43.133083290552186
            ],
            [
              2.6294955520408467,
              43.086174929805416
            ],
            [
              2.618586563239053,
              42.99038084872677
            ],
            [
              2.8451475230529204,
              42.952694614374174
            ],
            [
              2.85830483466607,
              42.880317048776774
            ],
            [
              2.7053424351431987,
              42.83542128032969
            ],
            [
              2.5812319444631666,
              42.77171659541838
            ],
            [
              2.6748149105253125,
              42.74405880495898
            ],
            [
              2.559879175691585,
              42.68235150946491
            ],
            [
              2.4886573264958076,
              42.71577614783247
            ],
            [
              2.383755120606503,
              42.73666574127275
            ],
            [
              2.3746259874912896,
              42.76092493446602
            ],
            [
              2.2368365418686875,
              42.800573382563826
            ],
            [
              2.314499400740574,
              42.88190008360963
            ],
            [
              2.3765453405038173,
              42.93787360896358
            ],
            [
              2.2639628027631913,
              43.03054198272115
            ],
            [
              2.4966240236455195,
              43.06820412177455
            ],
            [
              2.4864693902697894,
              43.08237130441884
            ],
            [
              2.5313766384599603,
              43.135143179927226
            ]
          ]
        ]
      }
    },
    {
      "type": "Feature",
      "properties": {
        "name": "Zone 10",
        "superficie": 7237,
        "population": 7445,
        "layer": "Layer 2",
        "color": "blue",
        "opacity": 0.15
      },
      "geometry": {
        "type": "Polygon",
        "coordinates": [
          [
            [
              4.781915996674206,
              43.018339652186164
            ],
            [
              4.8657820445424145,
              43.083060192911816
            ],
            [
              4.925357576119575,
              42.98711825331798
            ],
            [
              4.88128023943929,
              42.960639959090265
            ],
            [
              5.0055830114886755,
              42.876935591819745
            ],
            [
              4.901856909516311,
              42.808378731508384
            ],
            [
              4.997338438907577,
              42.74547993311629
            ],
            [
              4.8963942619987675,
              42.65367535184772
            ],
            [
              4.810021823168996,
              42.642610258347254
            ],
            [
              4.738288415437552,
              42.68660108820557
            ],
            [
              4.725852413211625,
              42.701196894902985
            ],
            [
              4.597908522766203,
              42.74471474768469
            ],
            [
              4.507665185401763,
              42.813138378599106
            ],
            [
              4.533922134885331,
              42.880894226407186
            ],
            [
              4.4838754947691015,
              42.94835492549737
            ],
            [
              4.571872999991264,
              42.98229564574197
            ],
            [
              4.736958090396422,
              43.07985370512745
            ],
            [
              4.781915996674206,
              43.018339652186164
            ]
          ]
        ]
      }
    },
    {
      "type": "Feature",
      "properties": {
        "name": "Zone 11",
        "superficie": 6736,
        "population": 5179,
        "layer": "Layer 3",
        "color": "green",
        "opacity": 0.15
      },
      "geometry": {
        "type": "Polygon",
        "coordinates": [
          [
            [
              3.8822710137825833,
              47.16071117831613
            ],
            [
              3.9418771656690166,
              47.15303184809526
            ],
            [
              4.171131682635572,
              47.06730511951314
            ],
            [
              3.9929921842361797,
              46.98001500124144
            ],
            [
              3.9734719165508086,
              46.85661539219283
            ],
            [
              3.9262252903075527,
              46.801194953125425
            ],
            [
              3.8822710137825833,
              46.80116248324174
            ],
            [
              3.83910374733164,
              46.7677354353285
            ],
            [
              3.593379267957766,
              46.89237054783051
            ],
            [
              3.559602353453611,
              46.98001500124144
            ],
            [
              3.8000624153520026,
              47.075846766480076
            ],
            [
              3.755902898545992,
              47.16500509630173
            ],
            [
              3.8822710137825833,
              47.16071117831613
            ]
          ]
        ]
      }
    },
    {
      "type": "Feature",
      "properties": {
        "name": "Zone 12",
        "superficie": 7651,
        "population": 5571,
        "layer": "Layer 4",
        "color": "yellow",
        "opacity": 0.15
      },
      "geometry": {
        "type": "Polygon",
        "coordinates": [
          [
            [
              3.1722319862287858,
              48.96515513508935
            ],
            [
              3.2473974029195043,
              48.896165055933615
            ],
            [
              3.283092424443522,
              48.890983755580024
            ],
            [
              3.2923601441442134,
              48.80510673071158
            ],
            [
              3.4188395587970026,
              48.749495724220026
            ],
            [
              3.3595981232975607,
              48.68423445674496
            ],
            [
              3.303332187013016,
              48.63229844379364
            ],
            [
              3.2167398937432807,
              48.535110945349444
            ],
            [
              3.233121173933287,
              48.57837845716782
            ],
            [
              3.1359646429447032,
              48.57927792406044
            ],
            [
              3.1091919812276716,
              48.542678152450826
            ],
            [
              2.9160938216240497,
              48.62720660048815
            ],
            [
              3.081143612440362,
              48.668817431045234
            ],
            [
              3.0033449825572087,
              48.74532497441353
            ],
            [
              2.877955955145606,
              48.83824709399299
            ],
            [
              3.127188735148099,
              48.894119077328234
            ],
            [
              3.0973211966335676,
              48.94600627936244
            ],
            [
              3.1722319862287858,
              48.96515513508935
            ]
          ]
        ]
      }
    },
    {
      "type": "Feature",
      "properties": {
        "name": "Zone 13",
        "superficie": 3973,
        "population": 9670,
        "layer": "Layer 1",
        "color": "red",
        "opacity": 0.15
      },
      "geometry": {
        "type": "Polygon",
        "coordinates": [
          [
            [
              2.801586614499385,
              49.7288423776676
            ],
            [
              2.826767330144565,
              49.68754746307789
            ],
            [
              2.8581542907910498,
              49.62233699164827
            ],
            [
              3.1190718883048656,
              49.56208504932857
            ],
            [
              2.8798192500476785,
              49.49156483010493
            ],
            [
              2.934667005334859,
              49.39656802466339
            ],
            [
              2.8653338881828185,
              49.348546729021045
            ],
            [
              2.9006895459039987,
              49.315632773458255
            ],
            [
              2.801586614499385,
              49.28736983675199
            ],
            [
              2.689370662832923,
              49.340849430581095
            ],
            [
              2.7270826840728906,
              49.361104045558584
            ],
            [
              2.7168804469639416,
              49.40381828566081
            ],
            [
              2.6808401032978733,
              49.49156483010493
            ],
            [
              2.6767408563715493,
              49.58417720971653
            ],
            [
              2.7111339256706506,
              49.60030554460519
            ],
            [
              2.7136714184684574,
              49.720395256907274
            ],
            [
              2.801586614499385,
              49.7288423776676
            ]
          ]
        ]
      }
    },
    {
      "type": "Feature",
      "properties": {
        "name": "Zone 14",
        "superficie": 6192,
        "population": 6487,
        "layer": "Layer 2",
        "color": "blue",
        "opacity": 0.15
      },
      "geometry": {
        "type": "Polygon",
        "coordinates": [
          [
            [
              -0.8831540463029262,
              47.364950736260525
            ],
            [
              -0.6969396973798945,
              47.28734015097828
            ],
            [
              -0.7133611547653357,
              47.221452660320175
            ],
            [
              -0.6831240464568659,
              47.108077240638615
            ],
            [
              -0.6734061115951371,
              47.009638297217926
            ],
            [
              -0.8524070521023173,
              46.91077616160343
            ],
            [
              -0.9719261189383779,
              46.96182919134685
            ],
            [
              -1.053561452059626,
              47.021469086914685
            ],
            [
              -1.0618942060392134,
              47.112257329400414
            ],
            [
              -0.9444260904006722,
              47.209258487414104
            ],
            [
              -0.9739156793558823,
              47.3408111582217
            ],
            [
              -0.8831540463029262,
              47.364950736260525
            ]
          ]
        ]
      }
    },
    {
      "type": "Feature",
      "properties": {
        "name": "Zone 15",
        "superficie": 6313,
        "population": 7630,
        "layer": "Layer 3",
        "color": "green",
        "opacity": 0.15
      },
      "geometry": {
        "type": "Polygon",
        "coordinates": [
          [
            [
              7.829254133297468,
              47.4124885632159
            ],
            [
              7.8689797593025395,
              47.395865208930665
            ],
            [
              8.087294848998116,
              47.314514063032966
            ],
            [
              8.025408082371449,
              47.23943282068081
            ],
            [
              8.060604744884285,
              47.14424082404045
            ],
            [
              7.889222783344958,
              47.08081895276016
            ],
            [
              8.022381177278424,
              46.97183010293358
            ],
            [
              7.869490968370303,
              46.9810587940849
            ],
            [
              7.758066164243215,
              46.99173860493142
            ],
            [
              7.754442392612615,
              47.024403262948184
            ],
            [
              7.575515866360067,
              47.09255936960812
            ],
            [
              7.5768088247630025,
              47.14569283727986
            ],
            [
              7.590888478649137,
              47.229995920703544
            ],
            [
              7.706472010588753,
              47.32648285630339
            ],
            [
              7.807256002550091,
              47.389628695864396
            ],
            [
              7.829254133297468,
              47.4124885632159
            ]
          ]
        ]
      }
    },
    {
      "type": "Feature",
      "properties": {
        "name": "Zone 16",
        "superficie": 3039,
        "population": 830,
        "layer": "Layer 4",
        "color": "yellow",
        "opacity": 0.15
      },
      "geometry": {
        "type": "Polygon",
        "coordinates": [
          [
            [
              -2.2486496666493423,
              44.91561755577668
            ],
            [
              -2.188505919493045,
              44.8469255964824
            ],
            [
              -2.074910895001264,
              44.8044934709549
            ],
            [
              -2.194933409324179,
              44.70710033758665
            ],
            [
              -2.1143377086722386,
              44.62727270231248
            ],
            [
              -2.1554378032804804,
              44.536704133032615
            ],
            [
              -2.164873762873825,
              44.482769010403466
            ],
            [
              -2.2486496666493423,
              44.493763718260126
            ],
            [
              -2.374887217173821,
              44.4624136692929
            ],
            [
              -2.3677326101893206,
              44.544380462109544
            ],
            [
              -2.5583583825676794,
              44.61771116407073
            ],
            [
              -2.3384738188199323,
              44.72727431222339
            ],
            [
              -2.3543908036374277,
              44.812226764713934
            ],
            [
              -2.3478577422156515,
              44.82454972724403
            ],
            [
              -2.2486496666493423,
              44.91561755577668
            ]
          ]
        ]
      }
    },
    {
      "type": "Feature",
      "properties": {
        "name": "Zone 17",
        "superficie": 5050,
        "population": 7438,
        "layer": "Layer 1",
        "color": "red",
        "opacity": 0.15
      },
      "geometry": {
        "type": "Polygon",
        "coordinates": [
          [
            [
              6.224608500534746,
              45.1261772492184
            ],
            [
              6.363704700570366,
              45.08165755319967
            ],
            [
              6.491152230678253,
              44.99161932868505
            ],
            [
              6.313550089352383,
              44.903246620924094
            ],
            [
              6.494930579182504,
              44.781895707931604
            ],
            [
              6.386245357185915,
              44.70174758576299
            ],
            [
              6.224608500534746,
              44.69940039663938
            ],
            [
              6.074257971496726,
              44.749372833455794
            ],
            [
              5.935625318711909,
              44.80758258546473
            ],
            [
              5.955773177781016,
              44.903246620924094
            ],
            [
              5.930790637212194,
              45.02650011093151
            ],
            [
              6.1227471634990955,
              45.04497882592619
            ],
            [
              6.224608500534746,
              45.1261772492184
            ]
          ]
        ]
      }
    },
    {
      "type": "Feature",
      "properties": {
        "name": "Zone 18",
        "superficie": 7409,
        "population": 855,
        "layer": "Layer 2",
        "color": "blue",
        "opacity": 0.15
      },
      "geometry": {
        "type": "Polygon",
        "coordinates": [
          [
            [
              4.29761167413818,
              48.98097077293815
            ],
            [
              4.354503460702344,
              48.932730637768906
            ],
            [
              4.331970243244995,
              48.92939687665195
            ],
            [
              4.433829665116476,
              48.87298195349514
            ],
            [
              4.445534035723232,
              48.80157222948744
            ],
            [
              4.62898735867176,
              48.745334412100014
            ],
            [
              4.34815489463957,
              48.676417755248394
            ],
            [
              4.37849302417679,
              48.60719966100649
            ],
            [
              4.447630626494593,
              48.55622171624585
            ],
            [
              4.310086448042831,
              48.55710725216687
            ],
            [
              4.260042265139669,
              48.55353134878526
            ],
            [
              4.201270038235627,
              48.54225458334282
            ],
            [
              4.201277017011181,
              48.65618124865659
            ],
            [
              4.051405019448906,
              48.69801753954075
            ],
            [
              4.136476985675931,
              48.742988392511585
            ],
            [
              4.0167480046917365,
              48.81441743549011
            ],
            [
              4.120306221812822,
              48.89396535125596
            ],
            [
              4.134802952528652,
              48.93620184610069
            ],
            [
              4.2704887103666085,
              48.94973678731639
            ],
            [
              4.29761167413818,
              48.98097077293815
            ]
          ]
        ]
      }
    },
    {
      "type": "Feature",
      "properties": {
        "name": "Zone 19",
        "superficie": 4390,
        "population": 3753,
        "layer": "Layer 3",
        "color": "green",
        "opacity": 0.15
      },
      "geometry": {
        "type": "Polygon",
        "coordinates": [
          [
            [
              2.312337553602478,
              50.01933003735027
            ],
            [
              2.4555662287754036,
              50.019144595291216
            ],
            [
              2.5502669986748665,
              49.895046558094975
            ],
            [
              2.528471729177788,
              49.784657955461626
            ],
            [
              2.523114346144,
              49.67420808123451
            ],
            [
              2.327327548979747,
              49.61187257624994
            ],
            [
              2.2485898192016682,
              49.65908779627558
            ],
            [
              2.2191208206678192,
              49.66426336496722
            ],
            [
              2.200463901567505,
              49.791937267920815
            ],
            [
              2.2178233391028015,
              49.90441882491454
            ],
            [
              2.128169123272881,
              50.007489053603614
            ],
            [
              2.312337553602478,
              50.01933003735027
            ]
          ]
        ]
      }
    },
    {
      "type": "Feature",
      "properties": {
        "name": "Zone 20",
        "superficie": 3233,
        "population": 1448,
        "layer": "Layer 4",
        "color": "yellow",
        "opacity": 0.15
      },
      "geometry": {
        "type": "Polygon",
        "coordinates": [
          [
            [
              7.990510068960322,
              43.26199257954667
            ],
            [
              8.012310724568529,
              43.271225702929804
            ],
            [
              8.188882953900741,
              43.19564387067215
            ],
            [
              8.25434151307838,
              43.14082708027371
            ],
            [
              8.200232213663153,
              43.05952766144063
            ],
            [
              8.207950056353697,
              42.99300982262755
            ],
            [
              8.197776715673408,
              42.91920533012819
            ],
            [
              8.044618670005393,
              42.83952487173257
            ],
            [
              7.990510068960322,
              42.90716749148778
            ],
            [
              7.933718377594252,
              42.911816294812056
            ],
            [
              7.887905274695107,
              42.89819459559206
            ],
            [
              7.879536192845007,
              42.98846509708652
            ],
            [
              7.67581096136608,
              43.05952766144063
            ],
            [
              7.864354389655315,
              43.12612553965632
            ],
            [
              7.876702969590622,
              43.19233766644463
            ],
            [
              7.878040631329881,
              43.246085367622726
            ],
            [
              7.990510068960322,
              43.26199257954667
            ]
          ]
        ]
      }
    },
    {
      "type": "Feature",
      "properties": {
        "name": "Zone 21",
        "superficie": 4392,
        "population": 6661,
        "layer": "Layer 1",
        "color": "red",
        "opacity": 0.15
      },
      "geometry": {
        "type": "Polygon",
        "coordinates": [
          [
            [
              -1.002896084860339,
              48.2174883502737
            ],
            [
              -0.8379397611687569,
              48.15602272927143
            ],
            [
              -0.9525557524688469,
              48.098822526623394
            ],
            [
              -0.8176269270195876,
              47.98749839631651
            ],
            [
              -0.7542963551689852,
              47.88850672860731
            ],
            [
              -0.9540196217874856,
              47.81761926927559
            ],
            [
              -1.002896084860339,
              47.83723147409908
            ],
            [
              -1.0461381890217378,
              47.81303988306189
            ],
            [
              -1.254375339855392,
              47.87820026991686
            ],
            [
              -1.1828888945384024,
              47.98749839631651
            ],
            [
              -1.166390236586885,
              48.10372646692363
            ],
            [
              -1.079901184951536,
              48.18207451408949
            ],
            [
              -1.002896084860339,
              48.2174883502737
            ]
          ]
        ]
      }
    },
    {
      "type": "Feature",
      "properties": {
        "name": "Zone 22",
        "superficie": 4578,
        "population": 110,
        "layer": "Layer 2",
        "color": "blue",
        "opacity": 0.15
      },
      "geometry": {
        "type": "Polygon",
        "coordinates": [
          [
            [
              6.9343702312972155,
              45.61514358431678
            ],
            [
              6.9646162847560555,
              45.547390805108876
            ],
            [
              7.045512102531881,
              45.49108306324077
            ],
            [
              7.186470363402993,
              45.50276018059258
            ],
            [
              6.989852813171535,
              45.419244264539
            ],
            [
              7.214563639797511,
              45.35616291149585
            ],
            [
              7.069745722612889,
              45.2939595317524
            ],
            [
              7.024970180224572,
              45.22530850612069
            ],
            [
              7.0504238132584724,
              45.15707752231523
            ],
            [
              6.964793762729633,
              45.165118562628976
            ],
            [
              6.914508064023152,
              45.18848797692465
            ],
            [
              6.833382089035169,
              45.21712974998178
            ],
            [
              6.806727017291206,
              45.241042248686966
            ],
            [
              6.875608162749193,
              45.29742470450139
            ],
            [
              6.727559965722152,
              45.35263674411587
            ],
            [
              6.791793210011596,
              45.428043189566814
            ],
            [
              6.665804960442431,
              45.457628243777734
            ],
            [
              6.764369189011278,
              45.55519085112349
            ],
            [
              6.912699407897304,
              45.5744101722971
            ],
            [
              6.9343702312972155,
              45.61514358431678
            ]
          ]
        ]
      }
    },
    {
      "type": "Feature",
      "properties": {
        "name": "Zone 23",
        "superficie": 6680,
        "population": 3348,
        "layer": "Layer 3",
        "color": "green",
        "opacity": 0.15
      },
      "geometry": {
        "type": "Polygon",
        "coordinates": [
          [
            [
              7.936088327279123,
              45.813168601133285
            ],
            [
              8.023123028115359,
              45.79968932524895
            ],
            [
              8.194467900979113,
              45.745061354146685
            ],
            [
              8.223701446786645,
              45.66827399706354
            ],
            [
              7.983005950490061,
              45.569284016674004
            ],
            [
              8.030125614758337,
              45.49105017747171
            ],
            [
              7.951258446920947,
              45.48374894568006
            ],
            [
              7.905336646900288,
              45.461126491249175
            ],
            [
              7.896471719950412,
              45.520832054625515
            ],
            [
              7.671536921413516,
              45.57409970763998
            ],
            [
              7.762541258907547,
              45.67288710722263
            ],
            [
              7.738188923136724,
              45.764254853653746
            ],
            [
              7.801847690235578,
              45.80183416363891
            ],
            [
              7.936088327279123,
              45.813168601133285
            ]
          ]
        ]
      }
    },
    {
      "type": "Feature",
      "properties": {
        "name": "Zone 24",
        "superficie": 3547,
        "population": 6396,
        "layer": "Layer 4",
        "color": "yellow",
        "opacity": 0.15
      },
      "geometry": {
        "type": "Polygon",
        "coordinates": [
          [
            [
              -1.7368077940566948,
              49.97866912968972
            ],
            [
              -1.677053951445191,
              49.920117861933285
            ],
            [
              -1.4446338581779126,
              49.869178095259244
            ],
            [
              -1.392568530927898,
              49.75231802781516
            ],
            [
              -1.6812402217013476,
              49.61744919014218
            ],
            [
              -1.7191718961330142,
              49.59551662635445
            ],
            [
              -1.8195887954984062,
              49.62202968712822
            ],
            [
              -1.87749413939759,
              49.66275778289166
            ],
            [
              -1.9178218128318907,
              49.7545597534979
            ],
            [
              -1.8147714907167998,
              49.84152563585796
            ],
            [
              -1.8397582543955169,
              49.93632310970161
            ],
            [
              -1.7368077940566948,
              49.97866912968972
            ]
          ]
        ]
      }
    },
    {
      "type": "Feature",
      "properties": {
        "name": "Zone 25",
        "superficie": 3257,
        "population": 8345,
        "layer": "Layer 1",
        "color": "red",
        "opacity": 0.15
      },
      "geometry": {
        "type": "Polygon",
        "coordinates": [
          [
            [
              0.49612452398720297,
              48.800736456155676
            ],
            [
              0.5833417037198705,
              48.875220702905125
            ],
            [
              0.5497335583348258,
              48.778101475692885
            ],
            [
              0.5936997859939137,
              48.7500254768353
            ],
            [
              0.6479655761023921,
              48.69537539893684
            ],
            [
              0.7596945245230338,
              48.623534419538245
            ],
            [
              0.5887157542219569,
              48.551875847462625
            ],
            [
              0.67804366710323,
              48.479235999627164
            ],
            [
              0.5812556086543504,
              48.4781722570416
            ],
            [
              0.5168509472094684,
              48.41309919968322
            ],
            [
              0.45351761977523253,
              48.471669453469055
            ],
            [
              0.3597139030346185,
              48.45315189439427
            ],
            [
              0.29792539123172046,
              48.496743780634134
            ],
            [
              0.38233589881182706,
              48.58167509373597
            ],
            [
              0.1872193643283107,
              48.62883327568557
            ],
            [
              0.3209491439362542,
              48.68791972066138
            ],
            [
              0.24227262974686586,
              48.75691142230393
            ],
            [
              0.43101929655077253,
              48.83629915886533
            ],
            [
              0.4396024957171662,
              48.85539547184431
            ],
            [
              0.49612452398720297,
              48.800736456155676
            ]
          ]
        ]
      }
    },
    {
      "type": "Feature",
      "properties": {
        "name": "Zone 26",
        "superficie": 4686,
        "population": 1023,
        "layer": "Layer 2",
        "color": "blue",
        "opacity": 0.15
      },
      "geometry": {
        "type": "Polygon",
        "coordinates": [
          [
            [
              -4.7954923757466785,
              47.397150217189704
            ],
            [
              -4.677589939331857,
              47.37494627618468
            ],
            [
              -4.629279004016732,
              47.39163641678151
            ],
            [
              -4.719897590190623,
              47.29336603815836
            ],
            [
              -4.499604941555155,
              47.227723273813474
            ],
            [
              -4.682489463872263,
              47.154293221755594
            ],
            [
              -4.616028423130033,
              47.10882554822207
            ],
            [
              -4.7368735578597185,
              47.06347292098993
            ],
            [
              -4.7954923757466785,
              47.048678995094704
            ],
            [
              -4.84032933345603,
              47.010686014400186
            ],
            [
              -4.997926028187825,
              47.05253608859494
            ],
            [
              -4.868919896502956,
              47.16678241201289
            ],
            [
              -5.068971766670578,
              47.227723273813474
            ],
            [
              -4.927615531998926,
              47.296369181848284
            ],
            [
              -4.956735299828384,
              47.38499809460317
            ],
            [
              -4.819559112615408,
              47.38256423465791
            ],
            [
              -4.7954923757466785,
              47.397150217189704
            ]
          ]
        ]
      }
    },
    {
      "type": "Feature",
      "properties": {
        "name": "Zone 27",
        "superficie": 3545,
        "population": 3308,
        "layer": "Layer 3",
        "color": "green",
        "opacity": 0.15
      },
      "geometry": {
        "type": "Polygon",
        "coordinates": [
          [
            [
              0.23311218410751078,
              50.78892179116246
            ],
            [
              0.34992869041527414,
              50.85985803207017
            ],
            [
              0.43733423166295027,
              50.803878800425395
            ],
            [
              0.3874252872097324,
              50.74865495129815
            ],
            [
              0.3409339216097041,
              50.672320234898535
            ],
            [
              0.4813512418401573,
              50.600847286065985
            ],
            [
              0.3180351944668117,
              50.55230543216401
            ],
            [
              0.38165211563839185,
              50.46900519405778
            ],
            [
              0.325265485155019,
              50.483847610779684
            ],
            [
              0.2331121841075108,
              50.430466971265204
            ],
            [
              0.1511223461137975,
              50.451503901264374
            ],
            [
              0.07807675594383945,
              50.50992779737694
            ],
            [
              0.08944265742989393,
              50.52466345962306
            ],
            [
              -0.06994125740158841,
              50.59541234709274
            ],
            [
              -0.1106433766688541,
              50.671622702465974
            ],
            [
              0.1067341211478344,
              50.736746378229945
            ],
            [
              0.02926014484780859,
              50.77810210901631
            ],
            [
              0.12671898623929265,
              50.846492524327395
            ],
            [
              0.23311218410751078,
              50.78892179116246
            ]
          ]
        ]
      }
    },
    {
      "type": "Feature",
      "properties": {
        "name": "Zone 28",
        "superficie": 3918,
        "population": 731,
        "layer": "Layer 4",
        "color": "yellow",
        "opacity": 0.15
      },
      "geometry": {
        "type": "Polygon",
        "coordinates": [
          [
            [
              6.26980734027272,
              50.4652739349714
            ],
            [
              6.357944094245249,
              50.41556650266025
            ],
            [
              6.474198129515796,
              50.350163435499795
            ],
            [
              6.361764475687754,
              50.25238948809057
            ],
            [
              6.339265866067247,
              50.17353832531312
            ],
            [
              6.3111739244194975,
              50.10570689015468
            ],
            [
              6.222439159396306,
              50.117853342798504
            ],
            [
              6.170289920707213,
              50.12818015926025
            ],
            [
              6.001921367659928,
              50.24980035016491
            ],
            [
              6.077894730229071,
              50.360824557703964
            ],
            [
              6.091417690039442,
              50.43286541449236
            ],
            [
              6.26980734027272,
              50.4652739349714
            ]
          ]
        ]
      }
    },
    {
      "type": "Feature",
      "properties": {
        "name": "Zone 29",
        "superficie": 5563,
        "population": 1433,
        "layer": "Layer 1",
        "color": "red",
        "opacity": 0.15
      },
      "geometry": {
        "type": "Polygon",
        "coordinates": [
          [
            [
              3.8905648206052046,
              50.055315475537306
            ],
            [
              4.0504826417851945,
              49.99134484263482
            ],
            [
              4.145107032308531,
              49.92448988910092
            ],
            [
              3.990525398136826,
              49.820248296479335
            ],
            [
              4.123551412259563,
              49.73789669871489
            ],
            [
              3.948586274156103,
              49.673474369289124
            ],
            [
              3.8253327368270917,
              49.66568995741617
            ],
            [
              3.8504070668759964,
              49.74292394533818
            ],
            [
              3.5705786675728386,
              49.822508562028396
            ],
            [
              3.8331913416668346,
              49.953753507467
            ],
            [
              3.759475079916038,
              50.04191866889527
            ],
            [
              3.8905648206052046,
              50.055315475537306
            ]
          ]
        ]
      }
    },
    {
      "type": "Feature",
      "properties": {
        "name": "Zone 30",
        "superficie": 4970,
        "population": 3619,
        "layer": "Layer 2",
        "color": "blue",
        "opacity": 0.15
      },
      "geometry": {
        "type": "Polygon",
        "coordinates": [
          [
            [
              0.03871646903767534,
              43.67659118316305
            ],
            [
              0.08853694612423285,
              43.69125490407435
            ],
            [
              0.11211173182659911,
              43.67281118000345
            ],
            [
              0.16479754714329578,
              43.63976855882187
            ],
            [
              0.25850739310789034,
              43.57191667141645
            ],
            [
              0.18827630228663048,
              43.500867994250406
            ],
            [
              0.29817134887974894,
              43.45572917082181
            ],
            [
              0.2738428227789521,
              43.36372480269812
            ],
            [
              0.0984452531868695,
              43.34531222195321
            ],
            [
              0.07428010743719984,
              43.34889801877459
            ],
            [
              0.017569320241088808,
              43.337127788767226
            ],
            [
              -0.11744499107832884,
              43.356479316295975
            ],
            [
              -0.1632030980457443,
              43.36687471690455
            ],
            [
              -0.16913860128167277,
              43.42636631298555
            ],
            [
              -0.13220749915284224,
              43.50254887957696
            ],
            [
              -0.2609841027369852,
              43.580976218179416
            ],
            [
              -0.12024917136849086,
              43.63164926822488
            ],
            [
              -0.11134359468478058,
              43.71666068212119
            ],
            [
              -0.03338872782082386,
              43.73282753509302
            ],
            [
              0.03871646903767534,
              43.67659118316305
            ]
          ]
        ]
      }
    },
    {
      "type": "Feature",
      "properties": {
        "name": "Zone 31",
        "superficie": 6613,
        "population": 621,
        "layer": "Layer 3",
        "color": "green",
        "opacity": 0.15
      },
      "geometry": {
        "type": "Polygon",
        "coordinates": [
          [
            [
              1.9842046861564793,
              45.53687504324722
            ],
            [
              2.0574804223623286,
              45.460987340160145
            ],
            [
              2.050490564358876,
              45.36260096654518
            ],
            [
              2.141811591275965,
              45.27054170892341
            ],
            [
              2.071894300278821,
              45.16351866947712
            ],
            [
              2.02269450752649,
              45.09564117857054
            ],
            [
              1.9067142773040926,
              45.0810478509111
            ],
            [
              1.7928392717791637,
              45.13448628443584
            ],
            [
              1.6704684709408275,
              45.2613375269662
            ],
            [
              1.8907748000511546,
              45.36195643936952
            ],
            [
              1.848051439622587,
              45.439096585766976
            ],
            [
              1.9842046861564793,
              45.53687504324722
            ]
          ]
        ]
      }
    },
    {
      "type": "Feature",
      "properties": {
        "name": "Zone 32",
        "superficie": 3210,
        "population": 1244,
        "layer": "Layer 4",
        "color": "yellow",
        "opacity": 0.15
      },
      "geometry": {
        "type": "Polygon",
        "coordinates": [
          [
            [
              7.338861804507529,
              47.47048330957719
            ],
            [
              7.369045634286801,
              47.4216476106405
            ],
            [
              7.609284448292324,
              47.36026497080725
            ],
            [
              7.519630215275973,
              47.302135240845075
            ],
            [
              7.5749369788854155,
              47.21796903195058
            ],
            [
              7.500858951937449,
              47.14946058897769
            ],
            [
              7.379187681305839,
              47.125391896648345
            ],
            [
              7.269292357046721,
              47.12570895146803
            ],
            [
              7.131810800068525,
              47.09262510925041
            ],
            [
              7.237802957667899,
              47.1867031377453
            ],
            [
              7.226300531227051,
              47.290506391208716
            ],
            [
              7.103529014774315,
              47.378559032590566
            ],
            [
              7.301948907563462,
              47.46881549606529
            ],
            [
              7.338861804507529,
              47.47048330957719
            ]
          ]
        ]
      }
    },
    {
      "type": "Feature",
      "properties": {
        "name": "Zone 33",
        "superficie": 5858,
        "population": 385,
        "layer": "Layer 1",
        "color": "red",
        "opacity": 0.15
      },
      "geometry": {
        "type": "Polygon",
        "coordinates": [
          [
            [
              -2.2964251585246886,
              45.89786607555202
            ],
            [
              -2.250105134114611,
              45.91179941627884
            ],
            [
              -2.1978794568575575,
              45.86063730354757
            ],
            [
              -2.040750376717704,
              45.762351583685735
            ],
            [
              -2.1413635404542015,
              45.662771252896235
            ],
            [
              -2.243313374167444,
              45.56707566715622
            ],
            [
              -2.215278536559915,
              45.49465252555641
            ],
            [
              -2.3386138864771873,
              45.585391713933845
            ],
            [
              -2.4516292759900917,
              45.60117098600476
            ],
            [
              -2.4524362937426707,
              45.67252550783907
            ],
            [
              -2.3937929639265474,
              45.763097329741015
            ],
            [
              -2.472220037706345,
              45.86378708271502
            ],
            [
              -2.356912196525941,
              45.88229386054555
            ],
            [
              -2.2964251585246886,
              45.89786607555202
            ]
          ]
        ]
      }
    },
    {
      "type": "Feature",
      "properties": {
        "name": "Zone 34",
        "superficie": 7026,
        "population": 8739,
        "layer": "Layer 2",
        "color": "blue",
        "opacity": 0.15
      },
      "geometry": {
        "type": "Polygon",
        "coordinates": [
          [
            [
              0.14274344240180525,
              47.71115728394751
            ],
            [
              0.26129953203452766,
              47.69099199623484
            ],
            [
              0.2253909502405676,
              47.73085366326961
            ],
            [
              0.2132563094937171,
              47.622365937115916
            ],
            [
              0.4617206966625646,
              47.57192866833189
            ],
            [
              0.24968972725947924,
              47.5093225617547
            ],
            [
              0.21776141899277957,
              47.43065704846068
            ],
            [
              0.2500012190177249,
              47.38998251339596
            ],
            [
              0.17640349275855816,
              47.39217770778182
            ],
            [
              0.14274344240180528,
              47.38080626452364
            ],
            [
              0.06455800112600214,
              47.311348215259265
            ],
            [
              0.09842801700925988,
              47.36723155508005
            ],
            [
              -0.0679362767060844,
              47.45223803168417
            ],
            [
              -0.01793457448655214,
              47.51004010642263
            ],
            [
              0.041661081524865445,
              47.5807395203521
            ],
            [
              0.002061143306557933,
              47.632426330537754
            ],
            [
              0.10309060303519307,
              47.66302418095582
            ],
            [
              0.10430523728529091,
              47.68861451959416
            ],
            [
              0.14274344240180525,
              47.71115728394751
            ]
          ]
        ]
      }
    },
    {
      "type": "Feature",
      "properties": {
        "name": "Zone 35",
        "superficie": 5002,
        "population": 2211,
        "layer": "Layer 3",
        "color": "green",
        "opacity": 0.15
      },
      "geometry": {
        "type": "Polygon",
        "coordinates": [
          [
            [
              -2.9495399299464515,
              51.05658231204871
            ],
            [
              -2.9102275884900894,
              51.10930052043836
            ],
            [
              -2.7407523128454243,
              51.0175663344079
            ],
            [
              -2.693373721461699,
              50.95192259647955
            ],
            [
              -2.7117783854807773,
              50.88704768147689
            ],
            [
              -2.7061310924500095,
              50.82199978674069
            ],
            [
              -2.837540129206165,
              50.7801003954147
            ],
            [
              -2.9144985518647726,
              50.70409226995571
            ],
            [
              -2.9495399299464515,
              50.72359190526899
            ],
            [
              -2.992175718470081,
              50.747007001431356
            ],
            [
              -3.182650479004329,
              50.72305833807258
            ],
            [
              -3.08566122608629,
              50.8043923990158
            ],
            [
              -3.099075264669967,
              50.88704768147689
            ],
            [
              -3.2275998911988153,
              50.96402382498077
            ],
            [
              -3.173506193694562,
              51.013390321198216
            ],
            [
              -3.068563667365199,
              51.046873607380576
            ],
            [
              -2.9495399299464515,
              51.05658231204871
            ]
          ]
        ]
      }
    },
    {
      "type": "Feature",
      "properties": {
        "name": "Zone 36",
        "superficie": 4188,
        "population": 4491,
        "layer": "Layer 4",
        "color": "yellow",
        "opacity": 0.15
      },
      "geometry": {
        "type": "Polygon",
        "coordinates": [
          [
            [
              6.564303329650631,
              50.85419572242323
            ],
            [
              6.680193153753483,
              50.868196605520986
            ],
            [
              6.6550103495086415,
              50.77989748872919
            ],
            [
              6.620940956305505,
              50.73047494684844
            ],
            [
              6.698325538705748,
              50.67096384284441
            ],
            [
              6.778143489712396,
              50.6074167691041
            ],
            [
              6.603347134585397,
              50.54682557378423
            ],
            [
              6.5889899119654,
              50.45962444274382
            ],
            [
              6.564303329650631,
              50.49329562200389
            ],
            [
              6.481399999390243,
              50.45437315451688
            ],
            [
              6.451551101572747,
              50.528626382506225
            ],
            [
              6.40742082301387,
              50.585331198962784
            ],
            [
              6.490968798390719,
              50.67096384284441
            ],
            [
              6.343828714190453,
              50.76148254907329
            ],
            [
              6.432930100964203,
              50.801249731766745
            ],
            [
              6.469484876587464,
              50.88371362878982
            ],
            [
              6.564303329650631,
              50.85419572242323
            ]
          ]
        ]
      }
    },
    {
      "type": "Feature",
      "properties": {
        "name": "Zone 37",
        "superficie": 7752,
        "population": 8009,
        "layer": "Layer 1",
        "color": "red",
        "opacity": 0.15
      },
      "geometry": {
        "type": "Polygon",
        "coordinates": [
          [
            [
              1.2289213501672949,
              48.859826084028875
            ],
            [
              1.371120520020989,
              48.88600574059703
            ],
            [
              1.468601717597938,
              48.779565810064085
            ],
            [
              1.5624592924957506,
              48.73350957627607
            ],
            [
              1.4708496425467066,
              48.63184230297502
            ],
            [
              1.323047503830243,
              48.562955668213675
            ],
            [
              1.3066772633379826,
              48.51879699852531
            ],
            [
              1.2289213501672949,
              48.43933556767304
            ],
            [
              1.1493152581831374,
              48.541159950960115
            ],
            [
              0.9701102427548417,
              48.530452601209475
            ],
            [
              0.9919804453441522,
              48.64530476459148
            ],
            [
              0.9901380338651562,
              48.718580210298974
            ],
            [
              1.074501416634267,
              48.81257768440956
            ],
            [
              1.0969080497378043,
              48.860858016250305
            ],
            [
              1.2289213501672949,
              48.859826084028875
            ]
          ]
        ]
      }
    },
    {
      "type": "Feature",
      "properties": {
        "name": "Zone 38",
        "superficie": 4088,
        "population": 1996,
        "layer": "Layer 2",
        "color": "blue",
        "opacity": 0.15
      },
      "geometry": {
        "type": "Polygon",
        "coordinates": [
          [
            [
              -0.6568705859712365,
              50.857114756517234
            ],
            [
              -0.5142500199166993,
              50.802459884884165
            ],
            [
              -0.5019023469397754,
              50.726693377303576
            ],
            [
              -0.33480078995445617,
              50.636486783349035
            ],
            [
              -0.43115595919490723,
              50.54667021890866
            ],
            [
              -0.5613950509008615,
              50.45341506577364
            ],
            [
              -0.6091825394194557,
              50.45738077824471
            ],
            [
              -0.6824701621312907,
              50.43267957143112
            ],
            [
              -0.6995567665899799,
              50.422005173279636
            ],
            [
              -0.7231145351919399,
              50.544746616479166
            ],
            [
              -0.8373855680068109,
              50.63355129120925
            ],
            [
              -0.90993180392126,
              50.70348594399427
            ],
            [
              -0.7251317777875066,
              50.76539122193173
            ],
            [
              -0.6568705859712365,
              50.857114756517234
            ]
          ]
        ]
      }
    },
    {
      "type": "Feature",
      "properties": {
        "name": "Zone 39",
        "superficie": 6940,
        "population": 1890,
        "layer": "Layer 3",
        "color": "green",
        "opacity": 0.15
      },
      "geometry": {
        "type": "Polygon",
        "coordinates": [
          [
            [
              -3.8333852007224944,
              42.61509624927324
            ],
            [
              -3.688351555763063,
              42.65177842648738
            ],
            [
              -3.745111847782431,
              42.535335864029754
            ],
            [
              -3.740959122827007,
              42.455748178146365
            ],
            [
              -3.590531377753937,
              42.35617600702992
            ],
            [
              -3.797259618202391,
              42.30987356932666
            ],
            [
              -3.8333852007224944,
              42.24358476935537
            ],
            [
              -3.877022737804931,
              42.27742711379817
            ],
            [
              -4.050905554859712,
              42.34771421975249
            ],
            [
              -3.9368977090233717,
              42.455748178146365
            ],
            [
              -3.9888339697729642,
              42.5364546934892
            ],
            [
              -3.977822604166917,
              42.63318022976475
            ],
            [
              -3.8333852007224944,
              42.61509624927324
            ]
          ]
        ]
      }
    },
    {
      "type": "Feature",
      "properties": {
        "name": "Zone 40",
        "superficie": 4229,
        "population": 5850,
        "layer": "Layer 4",
        "color": "yellow",
        "opacity": 0.15
      },
      "geometry": {
        "type": "Polygon",
        "coordinates": [
          [
            [
              -4.280559089578535,
              47.162687011304364
            ],
            [
              -4.184129922504439,
              47.129302692566434
            ],
            [
              -4.023048276795913,
              47.054020932368104
            ],
            [
              -4.076419724396832,
              46.96130003056012
            ],
            [
              -4.137252103459258,
              46.87594298475994
            ],
            [
              -4.176726824144614,
              46.76799107145378
            ],
            [
              -4.280559089578535,
              46.7214531772991
            ],
            [
              -4.3712740558533705,
              46.819057143425034
            ],
            [
              -4.445207714324942,
              46.839478050467385
            ],
            [
              -4.395957270793683,
              46.96130003056012
            ],
            [
              -4.359725617183804,
              47.04326951825148
            ],
            [
              -4.451409443457989,
              47.12275304984458
            ],
            [
              -4.280559089578535,
              47.162687011304364
            ]
          ]
        ]
      }
    },
    {
      "type": "Feature",
      "properties": {
        "name": "Zone 41",
        "superficie": 6190,
        "population": 6076,
        "layer": "Layer 1",
        "color": "red",
        "opacity": 0.15
      },
      "geometry": {
        "type": "Polygon",
        "coordinates": [
          [
            [
              0.6150444576026057,
              43.43740840232989
            ],
            [
              0.7389113715355089,
              43.393767296533795
            ],
            [
              0.7597528359774871,
              43.37228401436243
            ],
            [
              0.7967093051083988,
              43.290476517040545
            ],
            [
              0.8308404259602782,
              43.213523901251136
            ],
            [
              0.7019612993281903,
              43.156529019217544
            ],
            [
              0.8138339484883433,
              43.08195515342428
            ],
            [
              0.6592338988127626,
              42.99296863823729
            ],
            [
              0.5773172780988497,
              43.04469831005928
            ],
            [
              0.5814800768607475,
              43.10953532988994
            ],
            [
              0.34404265016989904,
              43.14465748049755
            ],
            [
              0.561021218444829,
              43.211471201994996
            ],
            [
              0.2900415480211633,
              43.30272245706657
            ],
            [
              0.36320362404653367,
              43.36657413269989
            ],
            [
              0.503074300120023,
              43.409453202782046
            ],
            [
              0.6150444576026057,
              43.43740840232989
            ]
          ]
        ]
      }
    },
    {
      "type": "Feature",
      "properties": {
        "name": "Zone 42",
        "superficie": 6557,
        "population": 4637,
        "layer": "Layer 2",
        "color": "blue",
        "opacity": 0.15
      },
      "geometry": {
        "type": "Polygon",
        "coordinates": [
          [
            [
              -3.6513633701091877,
              47.414537250736984
            ],
            [
              -3.571850299944662,
              47.385027929607006
            ],
            [
              -3.4627329334585495,
              47.296098555935664
            ],
            [
              -3.525176868760571,
              47.194077981855024
            ],
            [
              -3.4346340750407007,
              47.07988046968787
            ],
            [
              -3.5601813421143182,
              47.01337231609826
            ],
            [
              -3.6784121053767285,
              47.056606062806104
            ],
            [
              -3.710108409137262,
              47.107364659133374
            ],
            [
              -3.8013081048414503,
              47.194971284775136
            ],
            [
              -3.8745013385595186,
              47.318079091505865
            ],
            [
              -3.8306557974266013,
              47.407118425801755
            ],
            [
              -3.6513633701091877,
              47.414537250736984
            ]
          ]
        ]
      }
    },
    {
      "type": "Feature",
      "properties": {
        "name": "Zone 43",
        "superficie": 7681,
        "population": 9429,
        "layer": "Layer 3",
        "color": "green",
        "opacity": 0.15
      },
      "geometry": {
        "type": "Polygon",
        "coordinates": [
          [
            [
              -2.2695198350521535,
              46.23324070782765
            ],
            [
              -2.084313923016641,
              46.165499618983674
            ],
            [
              -1.9531497362212789,
              46.06729468918887
            ],
            [
              -2.1756851905821044,
              45.9242990358291
            ],
            [
              -2.0665557429562313,
              45.8185205850257
            ],
            [
              -2.2695198350521535,
              45.841345103279416
            ],
            [
              -2.351334625756209,
              45.84590957759788
            ],
            [
              -2.427738613117931,
              45.95003951387328
            ],
            [
              -2.3866337391355015,
              46.07147521578338
            ],
            [
              -2.312151930800413,
              46.18535894196583
            ],
            [
              -2.2695198350521535,
              46.23324070782765
            ]
          ]
        ]
      }
    },
    {
      "type": "Feature",
      "properties": {
        "name": "Zone 44",
        "superficie": 4621,
        "population": 4533,
        "layer": "Layer 4",
        "color": "yellow",
        "opacity": 0.15
      },
      "geometry": {
        "type": "Polygon",
        "coordinates": [
          [
            [
              7.427820697326171,
              48.55980510621293
            ],
            [
              7.454426122580011,
              48.59753039797574
            ],
            [
              7.597366852362117,
              48.5036952320815
            ],
            [
              7.696255844532115,
              48.4414865928073
            ],
            [
              7.696569016448815,
              48.39024669133218
            ],
            [
              7.667079884299854,
              48.32533319342781
            ],
            [
              7.684249890239796,
              48.25404361454048
            ],
            [
              7.562924451987266,
              48.191750137724696
            ],
            [
              7.479379661538099,
              48.18272123643068
            ],
            [
              7.427820697326171,
              48.16135882615922
            ],
            [
              7.387138362370758,
              48.14870828602521
            ],
            [
              7.30119637406664,
              48.218422576111585
            ],
            [
              7.295666165163436,
              48.25839793585447
            ],
            [
              7.22112856127471,
              48.33509574045945
            ],
            [
              7.312617638584244,
              48.396257067360885
            ],
            [
              7.145756879877129,
              48.465569740677815
            ],
            [
              7.291598375841256,
              48.5295788594723
            ],
            [
              7.354654864421653,
              48.545292637438976
            ],
            [
              7.427820697326171,
              48.55980510621293
            ]
          ]
        ]
      }
    },
    {
      "type": "Feature",
      "properties": {
        "name": "Zone 45",
        "superficie": 5112,
        "population": 3252,
        "layer": "Layer 1",
        "color": "red",
        "opacity": 0.15
      },
      "geometry": {
        "type": "Polygon",
        "coordinates": [
          [
            [
              -1.741955118294217,
              42.27245245929686
            ],
            [
              -1.6288572450684036,
              42.1754624959848
            ],
            [
              -1.5909138452626506,
              42.1947157097206
            ],
            [
              -1.4786317866335956,
              42.106118237490264
            ],
            [
              -1.4542669309559155,
              42.05364550412088
            ],
            [
              -1.4809116504651327,
              41.9725187589974
            ],
            [
              -1.5496402270031049,
              41.89116756731688
            ],
            [
              -1.6599136654667141,
              41.879893401327664
            ],
            [
              -1.702024096994419,
              41.84746442742324
            ],
            [
              -1.7787740375168677,
              41.85586435940014
            ],
            [
              -1.7975712475038714,
              41.84131101632323
            ],
            [
              -1.9257984076092847,
              41.91452483144693
            ],
            [
              -1.9009578954747905,
              41.96454357418093
            ],
            [
              -1.8229761825016502,
              42.052197849517256
            ],
            [
              -1.8946699891670833,
              42.13805994518848
            ],
            [
              -1.9651330218942382,
              42.14855400261306
            ],
            [
              -1.8530144303557037,
              42.194589706748765
            ],
            [
              -1.741955118294217,
              42.27245245929686
            ]
          ]
        ]
      }
    },
    {
      "type": "Feature",
      "properties": {
        "name": "Zone 46",
        "superficie": 6424,
        "population": 4214,
        "layer": "Layer 2",
        "color": "blue",
        "opacity": 0.15
      },
      "geometry": {
        "type": "Polygon",
        "coordinates": [
          [
            [
              -3.948585728857939,
              43.660569920262425
            ],
            [
              -3.79128233865035,
              43.63409023746076
            ],
            [
              -3.7007547379429138,
              43.58100033046325
            ],
            [
              -3.8169655415267076,
              43.489030264024585
            ],
            [
              -3.736882237761684,
              43.38557412883589
            ],
            [
              -3.895363543172684,
              43.35793266147157
            ],
            [
              -3.948585728857939,
              43.29424919325364
            ],
            [
              -4.0372331196090645,
              43.28331997297315
            ],
            [
              -4.0166331382159,
              43.39563860327542
            ],
            [
              -4.21099189741472,
              43.489030264024585
            ],
            [
              -4.02402627195921,
              43.582267221256245
            ],
            [
              -4.1121563477581065,
              43.673297378073876
            ],
            [
              -3.948585728857939,
              43.660569920262425
            ]
          ]
        ]
      }
    },
    {
      "type": "Feature",
      "properties": {
        "name": "Zone 47",
        "superficie": 4387,
        "population": 4057,
        "layer": "Layer 3",
        "color": "green",
        "opacity": 0.15
      },
      "geometry": {
        "type": "Polygon",
        "coordinates": [
          [
            [
              -4.574609559767487,
              44.981447196469645
            ],
            [
              -4.51314373799398,
              44.96559068911939
            ],
            [
              -4.365486721511156,
              44.92413434946419
            ],
            [
              -4.289758645029328,
              44.858300827023044
            ],
            [
              -4.254178141498205,
              44.778479735067414
            ],
            [
              -4.309119541242351,
              44.714199122282714
            ],
            [
              -4.433673034789871,
              44.63423818519948
            ],
            [
              -4.481100954028772,
              44.62095101665253
            ],
            [
              -4.484066273114386,
              44.561340485261326
            ],
            [
              -4.543897736148187,
              44.5658485858792
            ],
            [
              -4.598940389138604,
              44.50497474494317
            ],
            [
              -4.727249222514846,
              44.53965302176104
            ],
            [
              -4.725039990774661,
              44.60648038926656
            ],
            [
              -4.7638968859132795,
              44.66688814996318
            ],
            [
              -4.700648945041756,
              44.71926513066743
            ],
            [
              -4.80110593053019,
              44.79066729640343
            ],
            [
              -4.842929003524705,
              44.835788177240815
            ],
            [
              -4.779093824378881,
              44.919694000213795
            ],
            [
              -4.605009125253133,
              44.87819355942636
            ],
            [
              -4.574609559767487,
              44.981447196469645
            ]
          ]
        ]
      }
    },
    {
      "type": "Feature",
      "properties": {
        "name": "Zone 48",
        "superficie": 3483,
        "population": 2426,
        "layer": "Layer 4",
        "color": "yellow",
        "opacity": 0.15
      },
      "geometry": {
        "type": "Polygon",
        "coordinates": [
          [
            [
              -4.715275045906827,
              47.336184704944614
            ],
            [
              -4.638410936453155,
              47.35264173001201
            ],
            [
              -4.612252286267482,
              47.29036356194552
            ],
            [
              -4.47302510553657,
              47.20098797477454
            ],
            [
              -4.515157446371102,
              47.12814625559468
            ],
            [
              -4.5747573522068725,
              47.049697945233646
            ],
            [
              -4.599886363362315,
              46.9781103410316
            ],
            [
              -4.632540453280916,
              46.93061822568123
            ],
            [
              -4.715275045906827,
              46.93089314031369
            ],
            [
              -4.763007475814393,
              46.89758975627659
            ],
            [
              -4.8625756668361335,
              47.010582086592684
            ],
            [
              -4.875946210270845,
              47.06428870493474
            ],
            [
              -4.869622994021865,
              47.12814625559468
            ],
            [
              -5.026447608733814,
              47.196839713369855
            ],
            [
              -4.917946388918768,
              47.30004479391382
            ],
            [
              -4.7761269885342665,
              47.27311547312043
            ],
            [
              -4.715275045906827,
              47.336184704944614
            ]
          ]
        ]
      }
    },
    {
      "type": "Feature",
      "properties": {
        "name": "Zone 49",
        "superficie": 3117,
        "population": 6159,
        "layer": "Layer 1",
        "color": "red",
        "opacity": 0.15
      },
      "geometry": {
        "type": "Polygon",
        "coordinates": [
          [
            [
              0.2551344143570473,
              44.639674792854656
            ],
            [
              0.375951786143567,
              44.53910122188749
            ],
            [
              0.38696242589766805,
              44.46970409078697
            ],
            [
              0.32561931289050816,
              44.373270814768475
            ],
            [
              0.4392753399160649,
              44.28705918001929
            ],
            [
              0.297849431221506,
              44.199644950862975
            ],
            [
              0.1738679349720204,
              44.246511374898574
            ],
            [
              0.08870078065698386,
              44.24414914688436
            ],
            [
              0.06782950198640234,
              44.37469710274001
            ],
            [
              0.010160356355588568,
              44.463132028317084
            ],
            [
              0.08212983405871097,
              44.57950582296799
            ],
            [
              0.2551344143570473,
              44.639674792854656
            ]
          ]
        ]
      }
    },
    {
      "type": "Feature",
      "properties": {
        "name": "Zone 50",
        "superficie": 4950,
        "population": 4387,
        "layer": "Layer 2",
        "color": "blue",
        "opacity": 0.15
      },
      "geometry": {
        "type": "Polygon",
        "coordinates": [
          [
            [
              1.1445860997700148,
              48.5293480641914
            ],
            [
              1.282348807280819,
              48.54191909744611
            ],
            [
              1.242392937478212,
              48.474148016850194
            ],
            [
              1.3015818180676897,
              48.41645378553706
            ],
            [
              1.3163653086942233,
              48.337356122949366
            ],
            [
              1.3050741811712179,
              48.24595570800821
            ],
            [
              1.2336473351314685,
              48.16231592815271
            ],
            [
              1.202630158570452,
              48.130769596315965
            ],
            [
              1.0791623469697835,
              48.19163636590123
            ],
            [
              0.9460469167621101,
              48.23575742926413
            ],
            [
              0.9280099068830028,
              48.27450000953369
            ],
            [
              0.8388448993373882,
              48.33591084995169
            ],
            [
              1.0511017478994291,
              48.43224529587919
            ],
            [
              1.0007670608566208,
              48.50016641058939
            ],
            [
              1.0909589246128375,
              48.51761080656268
            ],
            [
              1.1445860997700148,
              48.5293480641914
            ]
          ]
        ]
      }
    },
    {
      "type": "Feature",
      "properties": {
        "name": "Zone 51",
        "superficie": 4379,
        "population": 668,
        "layer": "Layer 3",
        "color": "green",
        "opacity": 0.15
      },
      "geometry": {
        "type": "Polygon",
        "coordinates": [
          [
            [
              6.850724770953425,
              43.70733941436734
            ],
            [
              6.927692496994246,
              43.655784822688325
            ],
            [
              6.938667444769894,
              43.64022546758154
            ],
            [
              7.1688015593219365,
              43.55261776740197
            ],
            [
              7.175220540561561,
              43.466177412562594
            ],
            [
              7.025579551519153,
              43.363122802231764
            ],
            [
              6.946152409936799,
              43.34612137079678
            ],
            [
              6.913752156676751,
              43.327013516015576
            ],
            [
              6.805559268590845,
              43.29939092975697
            ],
            [
              6.7699574111400755,
              43.31393038420547
            ],
            [
              6.787540057664264,
              43.40383303360521
            ],
            [
              6.617176525763106,
              43.46505605857011
            ],
            [
              6.64894153628128,
              43.547683294528646
            ],
            [
              6.630532102997632,
              43.65377894028402
            ],
            [
              6.740432800921549,
              43.712379913639914
            ],
            [
              6.850724770953425,
              43.70733941436734
            ]
          ]
        ]
      }
    },
    {
      "type": "Feature",
      "properties": {
        "name": "Zone 52",
        "superficie": 6193,
        "population": 3363,
        "layer": "Layer 4",
        "color": "yellow",
        "opacity": 0.15
      },
      "geometry": {
        "type": "Polygon",
        "coordinates": [
          [
            [
              4.6068787538426275,
              45.24492655767883
            ],
            [
              4.662900861517707,
              45.16763760803824
            ],
            [
              4.748999211676785,
              45.09009424444593
            ],
            [
              4.790524041066186,
              44.96345138776904
            ],
            [
              4.746904713869206,
              44.87016797527741
            ],
            [
              4.6068787538426275,
              44.83340737722375
            ],
            [
              4.458418759046963,
              44.906567212307586
            ],
            [
              4.392928908993664,
              44.96853777314007
            ],
            [
              4.394044232169301,
              45.09129830014137
            ],
            [
              4.519304153605897,
              45.178028044678
            ],
            [
              4.6068787538426275,
              45.24492655767883
            ]
          ]
        ]
      }
    },
    {
      "type": "Feature",
      "properties": {
        "name": "Zone 53",
        "superficie": 5025,
        "population": 2552,
        "layer": "Layer 1",
        "color": "red",
        "opacity": 0.15
      },
      "geometry": {
        "type": "Polygon",
        "coordinates": [
          [
            [
              0.5201662690679347,
              45.97687990805507
            ],
            [
              0.5448841681314267,
              45.929047713116674
            ],
            [
              0.5836489664588719,
              45.93193007565755
            ],
            [
              0.5744324804507329,
              45.8204156446043
            ],
            [
              0.7413014072663284,
              45.77107394186455
            ],
            [
              0.8400755019042628,
              45.68614560524901
            ],
            [
              0.6610613414702686,
              45.63812179042257
            ],
            [
              0.6149220040842106,
              45.551971664697724
            ],
            [
              0.5555198284961902,
              45.58884054107938
            ],
            [
              0.46210011598929523,
              45.51439881932108
            ],
            [
              0.3511328653258595,
              45.57602667047926
            ],
            [
              0.37062795341475074,
              45.65843682083829
            ],
            [
              0.4092541190586525,
              45.70622289101462
            ],
            [
              0.2153277060143029,
              45.765951881065256
            ],
            [
              0.35523584148414244,
              45.85550966477217
            ],
            [
              0.3251839035024915,
              45.867517186518214
            ],
            [
              0.47726364645342517,
              45.921696087867986
            ],
            [
              0.5201662690679347,
              45.97687990805507
            ]
          ]
        ]
      }
    },
    {
      "type": "Feature",
      "properties": {
        "name": "Zone 54",
        "superficie": 6010,
        "population": 7003,
        "layer": "Layer 2",
        "color": "blue",
        "opacity": 0.15
      },
      "geometry": {
        "type": "Polygon",
        "coordinates": [
          [
            [
              -1.1776923246159456,
              45.16957320143501
            ],
            [
              -1.0848657848227272,
              45.19123949702858
            ],
            [
              -1.0192953458472722,
              45.090389148886636
            ],
            [
              -0.8756454421529206,
              45.02058896126157
            ],
            [
              -0.8725433192500802,
              44.91737494014376
            ],
            [
              -0.9826473641784466,
              44.825379607847516
            ],
            [
              -1.0857244163948894,
              44.77714737723607
            ],
            [
              -1.1776923246159456,
              44.79261764099457
            ],
            [
              -1.237902698220913,
              44.7992105524749
            ],
            [
              -1.2316119306001199,
              44.83876156031524
            ],
            [
              -1.2429551496778075,
              44.9247194017137
            ],
            [
              -1.3217235891800725,
              45.01865780177124
            ],
            [
              -1.231600427839314,
              45.11459529444367
            ],
            [
              -1.230569209323472,
              45.12127873662898
            ],
            [
              -1.1776923246159456,
              45.16957320143501
            ]
          ]
        ]
      }
    },
    {
      "type": "Feature",
      "properties": {
        "name": "Zone 55",
        "superficie": 7255,
        "population": 1387,
        "layer": "Layer 3",
        "color": "green",
        "opacity": 0.15
      },
      "geometry": {
        "type": "Polygon",
        "coordinates": [
          [
            [
              -3.742844180820252,
              45.254359667058715
            ],
            [
              -3.621846390974699,
              45.20013270448158
            ],
            [
              -3.4388673121403417,
              45.13984458403834
            ],
            [
              -3.5352878107908823,
              45.0336446117639
            ],
            [
              -3.644992229085435,
              44.93519839532328
            ],
            [
              -3.6545589808705334,
              44.8585463968762
            ],
            [
              -3.803932804255356,
              44.910298254561155
            ],
            [
              -3.8206139876999834,
              44.94920288803067
            ],
            [
              -3.9301526022529125,
              45.03284348293939
            ],
            [
              -4.027661369980797,
              45.12865374346582
            ],
            [
              -3.8969022775676825,
              45.20626952966948
            ],
            [
              -3.742844180820252,
              45.254359667058715
            ]
          ]
        ]
      }
    },
    {
      "type": "Feature",
      "properties": {
        "name": "Zone 56",
        "superficie": 5833,
        "population": 9033,
        "layer": "Layer 4",
        "color": "yellow",
        "opacity": 0.15
      },
      "geometry": {
        "type": "Polygon",
        "coordinates": [
          [
            [
              -4.285380735795258,
              50.91097549647399
            ],
            [
              -4.237611313705689,
              50.933727820086894
            ],
            [
              -4.203266612570391,
              50.92096413071892
            ],
            [
              -4.216513007035452,
              50.833705853237085
            ],
            [
              -3.9827288476790557,
              50.74428615964789
            ],
            [
              -4.123071030412184,
              50.671098611630875
            ],
            [
              -4.208896607496011,
              50.588615660558965
            ],
            [
              -4.2468347615630435,
              50.52019762263293
            ],
            [
              -4.312238028164162,
              50.54733093723263
            ],
            [
              -4.400079868400468,
              50.63687191448147
            ],
            [
              -4.529633117915834,
              50.64613907832602
            ],
            [
              -4.404729777315288,
              50.735237198974204
            ],
            [
              -4.588332610942443,
              50.81619345583595
            ],
            [
              -4.447461086595506,
              50.90005258396876
            ],
            [
              -4.389068109476374,
              50.94586999772994
            ],
            [
              -4.285380735795258,
              50.91097549647399
            ]
          ]
        ]
      }
    },
    {
      "type": "Feature",
      "properties": {
        "name": "Zone 57",
        "superficie": 7444,
        "population": 3314,
        "layer": "Layer 1",
        "color": "red",
        "opacity": 0.15
      },
      "geometry": {
        "type": "Polygon",
        "coordinates": [
          [
            [
              3.8156919149909054,
              49.57066105063036
            ],
            [
              3.8528020191110706,
              49.54534961051106
            ],
            [
              3.8811525675107776,
              49.4825599838164
            ],
            [
              4.06436909465953,
              49.418434911843626
            ],
            [
              4.141232586003629,
              49.33127114554004
            ],
            [
              4.013517120358054,
              49.24386721234364
            ],
            [
              4.016432385647115,
              49.193678261605356
            ],
            [
              3.875806991580136,
              49.14356165360308
            ],
            [
              3.8156919149909054,
              49.11857911713131
            ],
            [
              3.708298223490948,
              49.11539677945326
            ],
            [
              3.7777931467201533,
              49.21825809874799
            ],
            [
              3.671935690290053,
              49.2485160626087
            ],
            [
              3.6272328695083647,
              49.33127114554004
            ],
            [
              3.7661006920982194,
              49.4216559224018
            ],
            [
              3.701275689079186,
              49.50012824887741
            ],
            [
              3.7439293539324483,
              49.530486956659196
            ],
            [
              3.8156919149909054,
              49.57066105063036
            ]
          ]
        ]
      }
    },
    {
      "type": "Feature",
      "properties": {
        "name": "Zone 58",
        "superficie": 5354,
        "population": 3431,
        "layer": "Layer 2",
        "color": "blue",
        "opacity": 0.15
      },
      "geometry": {
        "type": "Polygon",
        "coordinates": [
          [
            [
              2.2887426617179045,
              49.36168385902934
            ],
            [
              2.334378796685637,
              49.381521233236114
            ],
            [
              2.4670791728250396,
              49.34171400360992
            ],
            [
              2.520814558189087,
              49.27908043066612
            ],
            [
              2.414268934947383,
              49.20527219693445
            ],
            [
              2.532024747119267,
              49.152063898535644
            ],
            [
              2.36870758675109,
              49.08451958044138
            ],
            [
              2.5150099009474425,
              49.021405804244544
            ],
            [
              2.3312578993523054,
              48.97709442574462
            ],
            [
              2.3396432087587153,
              48.95057499073008
            ],
            [
              2.2720211593105297,
              48.93144887529747
            ],
            [
              2.1540667778734806,
              48.9840667110674
            ],
            [
              2.0719696442497804,
              49.009027518932626
            ],
            [
              2.0368061309444903,
              49.10481447285869
            ],
            [
              1.9808582437165132,
              49.14850562788968
            ],
            [
              2.1707258737041,
              49.22576208463617
            ],
            [
              2.0272961251548742,
              49.28554347517978
            ],
            [
              2.2329210410916636,
              49.313591020858034
            ],
            [
              2.181652660094143,
              49.3745456265694
            ],
            [
              2.2887426617179045,
              49.36168385902934
            ]
          ]
        ]
      }
    },
    {
      "type": "Feature",
      "properties": {
        "name": "Zone 59",
        "superficie": 6741,
        "population": 6279,
        "layer": "Layer 3",
        "color": "green",
        "opacity": 0.15
      },
      "geometry": {
        "type": "Polygon",
        "coordinates": [
          [
            [
              6.153747562303405,
              48.22788028836425
            ],
            [
              6.262380364393411,
              48.17258255402275
            ],
            [
              6.261032840624241,
              48.124829644247654
            ],
            [
              6.280635000059636,
              48.00389629243037
            ],
            [
              6.382052788291503,
              47.886948097692255
            ],
            [
              6.217355763994963,
              47.86964685171138
            ],
            [
              6.153747562303405,
              47.765055584361356
            ],
            [
              6.02480159154469,
              47.792176639353954
            ],
            [
              5.904474708835297,
              47.89990401096379
            ],
            [
              5.984353561584194,
              48.00389629243037
            ],
            [
              6.008257320778977,
              48.08960316966233
            ],
            [
              6.118556540232605,
              48.15453971303968
            ],
            [
              6.153747562303405,
              48.22788028836425
            ]
          ]
        ]
      }
    },
    {
      "type": "Feature",
      "properties": {
        "name": "Zone 60",
        "superficie": 4869,
        "population": 1049,
        "layer": "Layer 4",
        "color": "yellow",
        "opacity": 0.15
      },
      "geometry": {
        "type": "Polygon",
        "coordinates": [
          [
            [
              -0.3214958945992503,
              51.06540731658946
            ],
            [
              -0.18066579112941433,
              51.074318724283806
            ],
            [
              -0.23400589396926375,
              51.04251168898683
            ],
            [
              -0.08011336444560849,
              50.96675861717747
            ],
            [
              -0.22727216418248652,
              50.89567440617655
            ],
            [
              -0.08525143282187522,
              50.792624463593214
            ],
            [
              -0.1554036491550327,
              50.77185945330687
            ],
            [
              -0.2916295884151693,
              50.76724833975051
            ],
            [
              -0.37857703696696043,
              50.74535104151607
            ],
            [
              -0.39191055571683514,
              50.729853486683034
            ],
            [
              -0.5811373690893165,
              50.807746384785844
            ],
            [
              -0.5538664232170176,
              50.897761799863595
            ],
            [
              -0.4393344814110615,
              50.988453393181175
            ],
            [
              -0.4129035573280484,
              51.07979381715756
            ],
            [
              -0.39834815910427385,
              51.137220795576134
            ],
            [
              -0.3214958945992503,
              51.06540731658946
            ]
          ]
        ]
      }
    },
    {
      "type": "Feature",
      "properties": {
        "name": "Zone 61",
        "superficie": 7965,
        "population": 4413,
        "layer": "Layer 1",
        "color": "red",
        "opacity": 0.15
      },
      "geometry": {
        "type": "Polygon",
        "coordinates": [
          [
            [
              -4.286143551417801,
              46.388455480719564
            ],
            [
              -4.170130109971427,
              46.336477514185376
            ],
            [
              -4.083884871286776,
              46.35834249551206
            ],
            [
              -4.173167535423416,
              46.27820804586893
            ],
            [
              -4.044697329965876,
              46.19097941658913
            ],
            [
              -4.203996072891168,
              46.10443971622683
            ],
            [
              -4.213029968763946,
              46.07729226332882
            ],
            [
              -4.197782822103196,
              45.97186126930713
            ],
            [
              -4.286143551417801,
              46.02353537222639
            ],
            [
              -4.418629860527567,
              45.992535021814575
            ],
            [
              -4.418059845302072,
              46.075221740476344
            ],
            [
              -4.433440951648535,
              46.120723351068364
            ],
            [
              -4.412856491944947,
              46.19097941658913
            ],
            [
              -4.597660527426415,
              46.25386157922518
            ],
            [
              -4.410355937934281,
              46.33455414620739
            ],
            [
              -4.315388893125842,
              46.40899076120581
            ],
            [
              -4.286143551417801,
              46.388455480719564
            ]
          ]
        ]
      }
    },
    {
      "type": "Feature",
      "properties": {
        "name": "Zone 62",
        "superficie": 4458,
        "population": 2601,
        "layer": "Layer 2",
        "color": "blue",
        "opacity": 0.15
      },
      "geometry": {
        "type": "Polygon",
        "coordinates": [
          [
            [
              -3.4726896735071597,
              49.43838820925065
            ],
            [
              -3.446667153453757,
              49.43374022131001
            ],
            [
              -3.264605380763293,
              49.362144773079194
            ],
            [
              -3.1845941489304406,
              49.345928308755745
            ],
            [
              -3.315176812543654,
              49.25131668700444
            ],
            [
              -3.3938004189331226,
              49.19254425726685
            ],
            [
              -3.337981719030395,
              49.0806930219934
            ],
            [
              -3.437102692932482,
              49.0524316314913
            ],
            [
              -3.4726896735071597,
              49.055997146924
            ],
            [
              -3.5586822890800573,
              49.05357638761194
            ],
            [
              -3.6825142747685606,
              49.0951183610522
            ],
            [
              -3.682846502369741,
              49.19111711690104
            ],
            [
              -3.6589481424942294,
              49.25131668700444
            ],
            [
              -3.7078503427536544,
              49.31449020668581
            ],
            [
              -3.567897838553347,
              49.38320275880088
            ],
            [
              -3.5283748717778383,
              49.41902738496664
            ],
            [
              -3.4726896735071597,
              49.43838820925065
            ]
          ]
        ]
      }
    },
    {
      "type": "Feature",
      "properties": {
        "name": "Zone 63",
        "superficie": 7726,
        "population": 6922,
        "layer": "Layer 3",
        "color": "green",
        "opacity": 0.15
      },
      "geometry": {
        "type": "Polygon",
        "coordinates": [
          [
            [
              6.0674192918374,
              47.6498675277884
            ],
            [
              6.132677203874007,
              47.64910340511007
            ],
            [
              6.209075263754699,
              47.60473087146532
            ],
            [
              6.2088295837839205,
              47.552160807891894
            ],
            [
              6.372513540490465,
              47.46936787132972
            ],
            [
              6.149005440167749,
              47.40007019379185
            ],
            [
              6.182928645373325,
              47.33603658119486
            ],
            [
              6.290489886198587,
              47.26642124689451
            ],
            [
              6.104593426108347,
              47.29171238611931
            ],
            [
              6.0674192918374,
              47.22091639233874
            ],
            [
              5.973332950047823,
              47.2216457004826
            ],
            [
              5.978835588863444,
              47.293250163382
            ],
            [
              5.926421688402693,
              47.329018943328485
            ],
            [
              5.887970492056352,
              47.39517879518921
            ],
            [
              5.990490739946761,
              47.475961249526115
            ],
            [
              5.858027487814693,
              47.5390455204576
            ],
            [
              5.899143970234137,
              47.57003961966571
            ],
            [
              5.992835005716653,
              47.58967861209671
            ],
            [
              6.0674192918374,
              47.6498675277884
            ]
          ]
        ]
      }
    },
    {
      "type": "Feature",
      "properties": {
        "name": "Zone 64",
        "superficie": 3584,
        "population": 7692,
        "layer": "Layer 4",
        "color": "yellow",
        "opacity": 0.15
      },
      "geometry": {
        "type": "Polygon",
        "coordinates": [
          [
            [
              -0.21780155932580936,
              44.50614867458973
            ],
            [
              -0.13742643760363094,
              44.49206089299244
            ],
            [
              0.01169855193611119,
              44.398925813642144
            ],
            [
              0.028809867411338008,
              44.34138571239919
            ],
            [
              0.026618081709404523,
              44.276347799043876
            ],
            [
              -0.02321729714110793,
              44.20595085040969
            ],
            [
              -0.07082576225254666,
              44.13412299470993
            ],
            [
              -0.1857635274049283,
              44.10681726921793
            ],
            [
              -0.21780155932580933,
              44.11809856404158
            ],
            [
              -0.316328933434901,
              44.07642295173196
            ],
            [
              -0.3710032949309119,
              44.121475414415144
            ],
            [
              -0.4808646987724168,
              44.19568982273511
            ],
            [
              -0.5522671778522772,
              44.276347799043876
            ],
            [
              -0.49085028413760784,
              44.36083047260606
            ],
            [
              -0.3827489232273409,
              44.39767594969913
            ],
            [
              -0.23794881958632288,
              44.43406797992416
            ],
            [
              -0.21780155932580936,
              44.50614867458973
            ]
          ]
        ]
      }
    },
    {
      "type": "Feature",
      "properties": {
        "name": "Zone 65",
        "superficie": 4153,
        "population": 7559,
        "layer": "Layer 1",
        "color": "red",
        "opacity": 0.15
      },
      "geometry": {
        "type": "Polygon",
        "coordinates": [
          [
            [
              5.68278458365409,
              43.027579855386136
            ],
            [
              5.723880485550745,
              43.01998399304033
            ],
            [
              5.7805556163841,
              43.00726885981205
            ],
            [
              5.941101469373464,
              42.956600563029056
            ],
            [
              5.900845784433411,
              42.881126988340334
            ],
            [
              5.746072158761686,
              42.808058895344196
            ],
            [
              5.962599248383212,
              42.73103963362774
            ],
            [
              5.7836819307051535,
              42.6921876869613
            ],
            [
              5.711960561651486,
              42.68869625795446
            ],
            [
              5.68278458365409,
              42.63815278485695
            ],
            [
              5.625839763514488,
              42.67110039460116
            ],
            [
              5.481396691924399,
              42.7172611883202
            ],
            [
              5.439529443488091,
              42.74822557848704
            ],
            [
              5.349746752951083,
              42.8103272663561
            ],
            [
              5.396422166101485,
              42.873309289241476
            ],
            [
              5.440817540996505,
              42.94620026639314
            ],
            [
              5.6093246456637,
              42.98853304560143
            ],
            [
              5.571483430388947,
              43.05046682356194
            ],
            [
              5.68278458365409,
              43.027579855386136
            ]
          ]
        ]
      }
    },
    {
      "type": "Feature",
      "properties": {
        "name": "Zone 66",
        "superficie": 6130,
        "population": 4094,
        "layer": "Layer 2",
        "color": "blue",
        "opacity": 0.15
      },
      "geometry": {
        "type": "Polygon",
        "coordinates": [
          [
            [
              -4.111834026154719,
              43.858445665524584
            ],
            [
              -4.047994443278508,
              43.85410015176971
            ],
            [
              -3.9102141580084653,
              43.79125657147276
            ],
            [
              -4.055731706554199,
              43.723681170949554
            ],
            [
              -3.9343914483742157,
              43.640650975221845
            ],
            [
              -4.028459393138612,
              43.58393525882499
            ],
            [
              -3.9256064611822854,
              43.53463994773119
            ],
            [
              -4.072640257161041,
              43.47529869051315
            ],
            [
              -4.131580394860417,
              43.51044524623024
            ],
            [
              -4.172632058508532,
              43.521509012987956
            ],
            [
              -4.365657993555246,
              43.53978459925812
            ],
            [
              -4.41373772584499,
              43.63617150981406
            ],
            [
              -4.362593496149842,
              43.71031150858637
            ],
            [
              -4.31488664703725,
              43.780863707922485
            ],
            [
              -4.1474103750986595,
              43.80429507581498
            ],
            [
              -4.111834026154719,
              43.858445665524584
            ]
          ]
        ]
      }
    },
    {
      "type": "Feature",
      "properties": {
        "name": "Zone 67",
        "superficie": 6509,
        "population": 9041,
        "layer": "Layer 3",
        "color": "green",
        "opacity": 0.15
      },
      "geometry": {
        "type": "Polygon",
        "coordinates": [
          [
            [
              -1.0208420171947163,
              43.100099753618345
            ],
            [
              -0.9411208011878657,
              43.09047617649703
            ],
            [
              -0.8925240429376963,
              42.99462859963917
            ],
            [
              -0.8742150417875626,
              42.91619440796018
            ],
            [
              -0.7735000409791769,
              42.79693873771164
            ],
            [
              -0.8461115465069173,
              42.74073747738696
            ],
            [
              -1.0208420171947163,
              42.70720711997654
            ],
            [
              -1.0535406153490046,
              42.78087588893023
            ],
            [
              -1.2255714056174785,
              42.82146769099905
            ],
            [
              -1.1783026697291183,
              42.91619440796018
            ],
            [
              -1.0933572253748558,
              43.035794491905314
            ],
            [
              -1.0609077506180886,
              43.06474523716496
            ],
            [
              -1.0208420171947163,
              43.100099753618345
            ]
          ]
        ]
      }
    },
    {
      "type": "Feature",
      "properties": {
        "name": "Zone 68",
        "superficie": 4588,
        "population": 6518,
        "layer": "Layer 4",
        "color": "yellow",
        "opacity": 0.15
      },
      "geometry": {
        "type": "Polygon",
        "coordinates": [
          [
            [
              -4.908159859574346,
              45.29090423780551
            ],
            [
              -4.82172642721234,
              45.303338952009085
            ],
            [
              -4.733928706314582,
              45.22673638396218
            ],
            [
              -4.847190350342494,
              45.143885824811235
            ],
            [
              -4.760554956925232,
              45.06843438619402
            ],
            [
              -4.72048302845229,
              45.00425051745749
            ],
            [
              -4.834477777698885,
              44.931716595156786
            ],
            [
              -4.84061553949447,
              44.8857349155679
            ],
            [
              -4.976883834619821,
              44.93193796985773
            ],
            [
              -5.0378913469167514,
              44.916467343265516
            ],
            [
              -5.0364443796142515,
              44.99000588560454
            ],
            [
              -5.1737973844849074,
              45.066482074804384
            ],
            [
              -4.959741508623771,
              45.15363889430286
            ],
            [
              -5.118049958180061,
              45.23389875460421
            ],
            [
              -4.997643454385717,
              45.31061635838868
            ],
            [
              -4.908159859574346,
              45.29090423780551
            ]
          ]
        ]
      }
    },
    {
      "type": "Feature",
      "properties": {
        "name": "Zone 69",
        "superficie": 5483,
        "population": 8479,
        "layer": "Layer 1",
        "color": "red",
        "opacity": 0.15
      },
      "geometry": {
        "type": "Polygon",
        "coordinates": [
          [
            [
              -4.95474695887687,
              43.73582570567978
            ],
            [
              -4.875388333549556,
              43.77281945749628
            ],
            [
              -4.7697991468814855,
              43.70058889166359
            ],
            [
              -4.678479531442138,
              43.67864582433946
            ],
            [
              -4.6872844881038445,
              43.608172936837384
            ],
            [
              -4.684563413172743,
              43.54648319347354
            ],
            [
              -4.742585850186159,
              43.45375894383051
            ],
            [
              -4.8950003929092745,
              43.421566836159506
            ],
            [
              -4.931547748196746,
              43.412269392223045
            ],
            [
              -4.95474695887687,
              43.42312442334056
            ],
            [
              -5.063399514727545,
              43.43290273981502
            ],
            [
              -5.019731596103442,
              43.45447596943861
            ],
            [
              -5.103787573344771,
              43.50054639603839
            ],
            [
              -5.122563942583101,
              43.537480202536344
            ],
            [
              -5.174620790891408,
              43.60762080341369
            ],
            [
              -5.25742962754472,
              43.65233583572992
            ],
            [
              -5.00613006257639,
              43.74121671632043
            ],
            [
              -5.022528592813228,
              43.7787959800945
            ],
            [
              -4.95474695887687,
              43.73582570567978
            ]
          ]
        ]
      }
    },
    {
      "type": "Feature",
      "properties": {
        "name": "Zone 70",
        "superficie": 7204,
        "population": 4836,
        "layer": "Layer 2",
        "color": "blue",
        "opacity": 0.15
      },
      "geometry": {
        "type": "Polygon",
        "coordinates": [
          [
            [
              7.265993942529425,
              44.179860408653795
            ],
            [
              7.391554929597953,
              44.21932118984283
            ],
            [
              7.499167943030647,
              44.17411893953795
            ],
            [
              7.494993030955747,
              44.13386510984485
            ],
            [
              7.509644301605449,
              44.045973743080005
            ],
            [
              7.314546083554656,
              43.96673698258036
            ],
            [
              7.322478053547051,
              43.891109722886846
            ],
            [
              7.3392801543608615,
              43.888818760584066
            ],
            [
              7.315268753283398,
              43.83630862392936
            ],
            [
              7.23791669308877,
              43.87484298864653
            ],
            [
              7.126521345949984,
              43.86757911342605
            ],
            [
              6.987509357794913,
              43.91048680248846
            ],
            [
              7.0329360746310305,
              43.97473005853685
            ],
            [
              7.000045967944841,
              44.04525032531338
            ],
            [
              7.099316607920178,
              44.09520369218839
            ],
            [
              7.13011978217459,
              44.17097999177311
            ],
            [
              7.147925953647508,
              44.21100573090746
            ],
            [
              7.265993942529425,
              44.179860408653795
            ]
          ]
        ]
      }
    },
    {
      "type": "Feature",
      "properties": {
        "name": "Zone 71",
        "superficie": 7958,
        "population": 208,
        "layer": "Layer 3",
        "color": "green",
        "opacity": 0.15
      },
      "geometry": {
        "type": "Polygon",
        "coordinates": [
          [
            [
              0.7911245694638698,
              47.294663597251514
            ],
            [
              0.8851265821361185,
              47.30126629679524
            ],
            [
              0.9505731666705648,
              47.26012072224957
            ],
            [
              0.9627330001219409,
              47.23106528237088
            ],
            [
              0.943844912656196,
              47.16181459489487
            ],
            [
              0.8425974944330996,
              47.082507430875566
            ],
            [
              0.8923457799830735,
              46.991197415499244
            ],
            [
              0.9389389968608461,
              46.99965999929463
            ],
            [
              0.8075796384992351,
              46.969919858290154
            ],
            [
              0.7779362244655922,
              46.8999131001066
            ],
            [
              0.7350748441585968,
              46.97386459445228
            ],
            [
              0.6352647051436346,
              47.02326595952765
            ],
            [
              0.5931614826141605,
              47.07281903842796
            ],
            [
              0.5336884983328389,
              47.16305578570634
            ],
            [
              0.5593043151310565,
              47.22706205413303
            ],
            [
              0.6564481856846284,
              47.25704388563832
            ],
            [
              0.6699538674264365,
              47.30272319947354
            ],
            [
              0.7911245694638698,
              47.294663597251514
            ]
          ]
        ]
      }
    },
    {
      "type": "Feature",
      "properties": {
        "name": "Zone 72",
        "superficie": 5239,
        "population": 1707,
        "layer": "Layer 4",
        "color": "yellow",
        "opacity": 0.15
      },
      "geometry": {
        "type": "Polygon",
        "coordinates": [
          [
            [
              -4.286323268884718,
              47.831966582105544
            ],
            [
              -4.222602387403153,
              47.81624689335225
            ],
            [
              -4.059046278486936,
              47.80160474619608
            ],
            [
              -4.167336290424338,
              47.763243387781955
            ],
            [
              -4.044832450499801,
              47.67410823635969
            ],
            [
              -4.1884873935094635,
              47.589643491809035
            ],
            [
              -4.195904701035714,
              47.528646962173184
            ],
            [
              -4.250436339293243,
              47.5144615439993
            ],
            [
              -4.245651657232703,
              47.42565899725152
            ],
            [
              -4.308005867576517,
              47.427420347608326
            ],
            [
              -4.330196765349398,
              47.47342115073245
            ],
            [
              -4.545776415004918,
              47.5419854591928
            ],
            [
              -4.420283387528334,
              47.59489017111511
            ],
            [
              -4.519083289728142,
              47.66950464442623
            ],
            [
              -4.51916876462335,
              47.764607475258266
            ],
            [
              -4.428422683213862,
              47.787854621987115
            ],
            [
              -4.389644505843388,
              47.83819349408571
            ],
            [
              -4.286323268884718,
              47.831966582105544
            ]
          ]
        ]
      }
    },
    {
      "type": "Feature",
      "properties": {
        "name": "Zone 73",
        "superficie": 7521,
        "population": 309,
        "layer": "Layer 1",
        "color": "red",
        "opacity": 0.15
      },
      "geometry": {
        "type": "Polygon",
        "coordinates": [
          [
            [
              -1.9207942378511884,
              43.19014780551151
            ],
            [
              -1.7595179301151718,
              43.07096184504059
            ],
            [
              -1.8286577226274103,
              43.03756950825445
            ],
            [
              -1.7952702586578548,
              42.91305919820297
            ],
            [
              -1.7149021987496973,
              42.79036016115687
            ],
            [
              -1.8928760844178103,
              42.78065372507206
            ],
            [
              -1.9617641762810782,
              42.77771569566792
            ],
            [
              -2.181397451263056,
              42.84299446397647
            ],
            [
              -2.2369033862259085,
              42.92253616242245
            ],
            [
              -2.174924149772692,
              43.01542935452671
            ],
            [
              -2.0993888782078622,
              43.08809256630787
            ],
            [
              -1.9207942378511884,
              43.19014780551151
            ]
          ]
        ]
      }
    },
    {
      "type": "Feature",
      "properties": {
        "name": "Zone 74",
        "superficie": 6242,
        "population": 9698,
        "layer": "Layer 2",
        "color": "blue",
        "opacity": 0.15
      },
      "geometry": {
        "type": "Polygon",
        "coordinates": [
          [
            [
              -1.2499965768347132,
              46.92250666083326
            ],
            [
              -1.1704143399159923,
              46.85729824883343
            ],
            [
              -1.0540071923434007,
              46.87604670827159
            ],
            [
              -1.1056383169333341,
              46.77196466695729
            ],
            [
              -1.0661680464203,
              46.73443332623256
            ],
            [
              -0.9305562137798528,
              46.66293181284062
            ],
            [
              -0.9649530152891609,
              46.614537159278846
            ],
            [
              -1.103565764937953,
              46.54008947688182
            ],
            [
              -1.1962507579789634,
              46.52688457473931
            ],
            [
              -1.2315355436504412,
              46.52913375134619
            ],
            [
              -1.305071810175869,
              46.52243394354923
            ],
            [
              -1.355980315897817,
              46.49039537496816
            ],
            [
              -1.50310088832941,
              46.51981284271325
            ],
            [
              -1.3334999578552102,
              46.617836561217956
            ],
            [
              -1.48261547216761,
              46.666062857381796
            ],
            [
              -1.3874178708898166,
              46.733581583943106
            ],
            [
              -1.477128996340678,
              46.76921513805778
            ],
            [
              -1.4148117197335952,
              46.82392156856397
            ],
            [
              -1.2904407143617465,
              46.83203212717835
            ],
            [
              -1.2499965768347132,
              46.92250666083326
            ]
          ]
        ]
      }
    },
    {
      "type": "Feature",
      "properties": {
        "name": "Zone 75",
        "superficie": 5459,
        "population": 2710,
        "layer": "Layer 3",
        "color": "green",
        "opacity": 0.15
      },
      "geometry": {
        "type": "Polygon",
        "coordinates": [
          [
            [
              7.6543676885554675,
              49.99532707297357
            ],
            [
              7.711738022900122,
              50.00195830814047
            ],
            [
              7.9619334662014065,
              49.86596903699858
            ],
            [
              7.757133764298135,
              49.74076652517446
            ],
            [
              7.696173853031444,
              49.66215947990768
            ],
            [
              7.6543676885554675,
              49.613120328158594
            ],
            [
              7.615999200738026,
              49.6090904228073
            ],
            [
              7.564068996759786,
              49.75902912917664
            ],
            [
              7.495503859901315,
              49.85909026345037
            ],
            [
              7.597570461345266,
              49.984882442427754
            ],
            [
              7.6543676885554675,
              49.99532707297357
            ]
          ]
        ]
      }
    },
    {
      "type": "Feature",
      "properties": {
        "name": "Zone 76",
        "superficie": 5803,
        "population": 6211,
        "layer": "Layer 4",
        "color": "yellow",
        "opacity": 0.15
      },
      "geometry": {
        "type": "Polygon",
        "coordinates": [
          [
            [
              0.7594908347653213,
              49.16871027042782
            ],
            [
              0.8746876622358342,
              49.206852925228254
            ],
            [
              1.0145601286399522,
              49.10958462763676
            ],
            [
              0.8627236831804198,
              49.000508964417634
            ],
            [
              0.8617155901541756,
              48.91936366620165
            ],
            [
              0.9272118709523517,
              48.805308885132
            ],
            [
              0.7594908347653213,
              48.78372921134601
            ],
            [
              0.7303623348246462,
              48.80823094219288
            ],
            [
              0.5059409157079415,
              48.902514446069134
            ],
            [
              0.6968443376745377,
              49.000508964417634
            ],
            [
              0.6417261078158047,
              49.089590552812254
            ],
            [
              0.7208411609550298,
              49.180389481473156
            ],
            [
              0.7594908347653213,
              49.16871027042782
            ]
          ]
        ]
      }
    },
    {
      "type": "Feature",
      "properties": {
        "name": "Zone 77",
        "superficie": 7154,
        "population": 5690,
        "layer": "Layer 1",
        "color": "red",
        "opacity": 0.15
      },
      "geometry": {
        "type": "Polygon",
        "coordinates": [
          [
            [
              0.8803544815255684,
              44.762979922622165
            ],
            [
              1.055747518803925,
              44.75197523497587
            ],
            [
              0.9547178634108514,
              44.68395992485539
            ],
            [
              1.0966614994979489,
              44.54785938755581
            ],
            [
              0.9916081727043072,
              44.4527351729545
            ],
            [
              0.8803544815255684,
              44.40394951361326
            ],
            [
              0.7307402372213777,
              44.4720334238399
            ],
            [
              0.7506461975665396,
              44.5409779448097
            ],
            [
              0.6313344488559749,
              44.665208902407116
            ],
            [
              0.8476359616443787,
              44.74448046800771
            ],
            [
              0.8803544815255684,
              44.762979922622165
            ]
          ]
        ]
      }
    },
    {
      "type": "Feature",
      "properties": {
        "name": "Zone 78",
        "superficie": 5378,
        "population": 7733,
        "layer": "Layer 2",
        "color": "blue",
        "opacity": 0.15
      },
      "geometry": {
        "type": "Polygon",
        "coordinates": [
          [
            [
              0.8457694566803236,
              50.257581146670944
            ],
            [
              0.9940143563958599,
              50.1853466238874
            ],
            [
              1.131728588039063,
              50.10824494351633
            ],
            [
              0.961321213944233,
              49.989389914955716
            ],
            [
              0.9948412172734182,
              49.86491727026318
            ],
            [
              0.8457694566803236,
              49.8660499946767
            ],
            [
              0.7544854576397717,
              49.84736272356342
            ],
            [
              0.6664522723158128,
              49.98387758496881
            ],
            [
              0.6821047677821818,
              50.11593167298939
            ],
            [
              0.7313897758074829,
              50.20009047434842
            ],
            [
              0.8457694566803236,
              50.257581146670944
            ]
          ]
        ]
      }
    },
    {
      "type": "Feature",
      "properties": {
        "name": "Zone 79",
        "superficie": 3159,
        "population": 4392,
        "layer": "Layer 3",
        "color": "green",
        "opacity": 0.15
      },
      "geometry": {
        "type": "Polygon",
        "coordinates": [
          [
            [
              7.2252758204475604,
              46.3987439530988
            ],
            [
              7.369371315856568,
              46.358410239629066
            ],
            [
              7.340311902933392,
              46.284537168420506
            ],
            [
              7.471561273775173,
              46.17215918364417
            ],
            [
              7.426368819350453,
              46.06314212961553
            ],
            [
              7.2844100435669406,
              45.99051430098234
            ],
            [
              7.254832458568633,
              45.91453579607272
            ],
            [
              7.159754804540728,
              45.94807627577699
            ],
            [
              7.186492893322726,
              46.01432313741079
            ],
            [
              7.021873596553196,
              46.087899298801915
            ],
            [
              7.161901915083203,
              46.16976144904313
            ],
            [
              7.049904077422398,
              46.27255648764103
            ],
            [
              7.078195379823442,
              46.28629526642197
            ],
            [
              7.2252758204475604,
              46.3987439530988
            ]
          ]
        ]
      }
    },
    {
      "type": "Feature",
      "properties": {
        "name": "Zone 80",
        "superficie": 4402,
        "population": 8129,
        "layer": "Layer 4",
        "color": "yellow",
        "opacity": 0.15
      },
      "geometry": {
        "type": "Polygon",
        "coordinates": [
          [
            [
              -0.5238104245016189,
              47.430137881906866
            ],
            [
              -0.4641710066598918,
              47.448972232408174
            ],
            [
              -0.26546369846659473,
              47.39407573167281
            ],
            [
              -0.21039482574560664,
              47.30186559290472
            ],
            [
              -0.27300277562662606,
              47.212435729973535
            ],
            [
              -0.2823112729620801,
              47.13755476203415
            ],
            [
              -0.38859812900788626,
              47.07217012540162
            ],
            [
              -0.5238104245016189,
              47.05296268355979
            ],
            [
              -0.6400340767018212,
              47.04058736399019
            ],
            [
              -0.6168289516114525,
              47.144332966412094
            ],
            [
              -0.7197151317553313,
              47.19494095549935
            ],
            [
              -0.6868091177769575,
              47.30376014514098
            ],
            [
              -0.6045573326331588,
              47.37869923548973
            ],
            [
              -0.5560204502865532,
              47.38997810509137
            ],
            [
              -0.5238104245016189,
              47.430137881906866
            ]
          ]
        ]
      }
    },
    {
      "type": "Feature",
      "properties": {
        "name": "Zone 81",
        "superficie": 7644,
        "population": 3797,
        "layer": "Layer 1",
        "color": "red",
        "opacity": 0.15
      },
      "geometry": {
        "type": "Polygon",
        "coordinates": [
          [
            [
              -2.521280088464918,
              46.33320678911886
            ],
            [
              -2.3838876284918467,
              46.29172455628533
            ],
            [
              -2.4141519091125234,
              46.22807888995878
            ],
            [
              -2.412021015667152,
              46.16770176829661
            ],
            [
              -2.39636902095038,
              46.09744966533348
            ],
            [
              -2.2757426581997406,
              46.009762514375176
            ],
            [
              -2.3727647479685254,
              45.93115849712063
            ],
            [
              -2.469029227118302,
              45.92137057546642
            ],
            [
              -2.5919564572740117,
              45.962847692733746
            ],
            [
              -2.5551625324073934,
              45.948888132025616
            ],
            [
              -2.7193063969092157,
              46.00481675396378
            ],
            [
              -2.7281652413624755,
              46.09584176678577
            ],
            [
              -2.6733755439590077,
              46.182801681503456
            ],
            [
              -2.711845545544943,
              46.27784874289256
            ],
            [
              -2.6126332538808565,
              46.3027390443707
            ],
            [
              -2.521280088464918,
              46.33320678911886
            ]
          ]
        ]
      }
    },
    {
      "type": "Feature",
      "properties": {
        "name": "Zone 82",
        "superficie": 4742,
        "population": 5881,
        "layer": "Layer 2",
        "color": "blue",
        "opacity": 0.15
      },
      "geometry": {
        "type": "Polygon",
        "coordinates": [
          [
            [
              0.9697999266090847,
              44.24420760897923
            ],
            [
              1.0834375076959635,
              44.2672971168237
            ],
            [
              1.1331600823856398,
              44.21207466301334
            ],
            [
              1.1282039369710113,
              44.1461198249478
            ],
            [
              1.110058423914649,
              44.103004616470386
            ],
            [
              1.0460470037414864,
              44.046776563618785
            ],
            [
              1.0161198591406928,
              43.9648288863359
            ],
            [
              1.2116843482784518,
              43.92122430702515
            ],
            [
              1.0001338049842017,
              43.874281218389015
            ],
            [
              1.0178585739694683,
              43.91352090712045
            ],
            [
              0.9289482162402712,
              43.90388193173716
            ],
            [
              0.9305459805358982,
              43.91458948143336
            ],
            [
              0.7343549721317884,
              43.942057214230296
            ],
            [
              0.916768212438503,
              43.988710200927095
            ],
            [
              0.7469180504112896,
              44.04375979036292
            ],
            [
              0.8891655805865797,
              44.108627074487536
            ],
            [
              0.6863651815135571,
              44.19436898474195
            ],
            [
              0.7650051636635165,
              44.20493487839573
            ],
            [
              0.857634056801989,
              44.23817192271225
            ],
            [
              0.9697999266090847,
              44.24420760897923
            ]
          ]
        ]
      }
    },
    {
      "type": "Feature",
      "properties": {
        "name": "Zone 83",
        "superficie": 3554,
        "population": 5590,
        "layer": "Layer 3",
        "color": "green",
        "opacity": 0.15
      },
      "geometry": {
        "type": "Polygon",
        "coordinates": [
          [
            [
              -3.3377114594498174,
              42.639955496204706
            ],
            [
              -3.3100803222057036,
              42.67003669543445
            ],
            [
              -3.170281425492942,
              42.540707986765405
            ],
            [
              -3.2349301872133327,
              42.46566223632758
            ],
            [
              -3.1141961983998216,
              42.37521587726471
            ],
            [
              -3.2533802162600436,
              42.266592386829544
            ],
            [
              -3.3377114594498174,
              42.263377505050634
            ],
            [
              -3.400900830901289,
              42.286592196145286
            ],
            [
              -3.4029878562398177,
              42.357778072623
            ],
            [
              -3.3889524187885374,
              42.46566223632758
            ],
            [
              -3.4078797635523363,
              42.57983305138089
            ],
            [
              -3.4238831650916413,
              42.598212628713284
            ],
            [
              -3.3377114594498174,
              42.639955496204706
            ]
          ]
        ]
      }
    },
    {
      "type": "Feature",
      "properties": {
        "name": "Zone 84",
        "superficie": 4183,
        "population": 7650,
        "layer": "Layer 4",
        "color": "yellow",
        "opacity": 0.15
      },
      "geometry": {
        "type": "Polygon",
        "coordinates": [
          [
            [
              3.9018037342364167,
              48.188047307018564
            ],
            [
              4.01184775766868,
              48.173657167566745
            ],
            [
              4.098884825869688,
              48.06410235296513
            ],
            [
              4.069488701353458,
              48.03478128158848
            ],
            [
              4.061214101076008,
              47.96068797002031
            ],
            [
              4.190281411027394,
              47.89692986398829
            ],
            [
              4.07612671228339,
              47.79612174274238
            ],
            [
              3.9815886409278005,
              47.8036650947559
            ],
            [
              3.963436905958458,
              47.786270958324494
            ],
            [
              3.8499550774461206,
              47.74078542456815
            ],
            [
              3.8118096282323886,
              47.78869592211604
            ],
            [
              3.69852164389511,
              47.820840729621146
            ],
            [
              3.8213727967119557,
              47.883848319909866
            ],
            [
              3.765203212731164,
              47.955260815124355
            ],
            [
              3.6663623663467764,
              48.04068654265643
            ],
            [
              3.850262706671631,
              48.08650397409108
            ],
            [
              3.827972254934666,
              48.09328367576851
            ],
            [
              3.9018037342364167,
              48.188047307018564
            ]
          ]
        ]
      }
    },
    {
      "type": "Feature",
      "properties": {
        "name": "Zone 85",
        "superficie": 6363,
        "population": 1189,
        "layer": "Layer 1",
        "color": "red",
        "opacity": 0.15
      },
      "geometry": {
        "type": "Polygon",
        "coordinates": [
          [
            [
              4.768757926988082,
              50.72362838137299
            ],
            [
              4.817790011034083,
              50.758057779581954
            ],
            [
              4.943705591655974,
              50.73782545267893
            ],
            [
              5.0365391613917545,
              50.65103371825421
            ],
            [
              4.969996370590546,
              50.610329057479504
            ],
            [
              4.840443835020505,
              50.5382789730434
            ],
            [
              4.88141677800424,
              50.47324195354507
            ],
            [
              4.86496818451331,
              50.42307995772312
            ],
            [
              4.803053975013457,
              50.38124354906249
            ],
            [
              4.768757926988082,
              50.391931131182425
            ],
            [
              4.6994181532517505,
              50.39259827025514
            ],
            [
              4.683594329373679,
              50.43251772999047
            ],
            [
              4.499176009753513,
              50.467308430208135
            ],
            [
              4.630085229590482,
              50.524904278731306
            ],
            [
              4.4947879688155234,
              50.59435428313139
            ],
            [
              4.710427968182821,
              50.671573284062966
            ],
            [
              4.703921471520469,
              50.74086115339855
            ],
            [
              4.672137359073898,
              50.722126130118404
            ],
            [
              4.768757926988082,
              50.72362838137299
            ]
          ]
        ]
      }
    },
    {
      "type": "Feature",
      "properties": {
        "name": "Zone 86",
        "superficie": 3067,
        "population": 3975,
        "layer": "Layer 2",
        "color": "blue",
        "opacity": 0.15
      },
      "geometry": {
        "type": "Polygon",
        "coordinates": [
          [
            [
              2.0417018004199052,
              48.08171735981547
            ],
            [
              2.138298691356546,
              48.136671386649205
            ],
            [
              2.1264865667576713,
              48.09958812809468
            ],
            [
              2.0920068072420968,
              48.05750343515646
            ],
            [
              2.175960972675925,
              47.98430090515117
            ],
            [
              2.123370682791559,
              47.91054783237328
            ],
            [
              2.33254450096189,
              47.86126117105886
            ],
            [
              2.1584847671884413,
              47.81766813726793
            ],
            [
              2.1186193410445195,
              47.760058352587826
            ],
            [
              2.051827281108409,
              47.75878787540873
            ],
            [
              2.0179293610152182,
              47.761374464561705
            ],
            [
              1.961539218707963,
              47.73630739625211
            ],
            [
              1.7868834660497068,
              47.77780765618132
            ],
            [
              1.9842147402023909,
              47.847769562649766
            ],
            [
              1.8795700248098917,
              47.912855808911964
            ],
            [
              1.9686702881808482,
              47.98217800926824
            ],
            [
              1.871807661297051,
              48.03312218597731
            ],
            [
              1.9981560380160717,
              48.089450191306604
            ],
            [
              2.015750103981002,
              48.147866284682294
            ],
            [
              2.0417018004199052,
              48.08171735981547
            ]
          ]
        ]
      }
    },
    {
      "type": "Feature",
      "properties": {
        "name": "Zone 87",
        "superficie": 5858,
        "population": 9094,
        "layer": "Layer 3",
        "color": "green",
        "opacity": 0.15
      },
      "geometry": {
        "type": "Polygon",
        "coordinates": [
          [
            [
              -1.7353392362132705,
              49.59767726230514
            ],
            [
              -1.6585505323770113,
              49.54880112167828
            ],
            [
              -1.5470071063042075,
              49.50452689154492
            ],
            [
              -1.544860715876039,
              49.448642804045676
            ],
            [
              -1.640308653784363,
              49.3535829730939
            ],
            [
              -1.5781509641994396,
              49.29033609054529
            ],
            [
              -1.6471543442083014,
              49.202358219996945
            ],
            [
              -1.682910504024886,
              49.145116382665854
            ],
            [
              -1.7353392362132705,
              49.18011253385365
            ],
            [
              -1.8051935386611055,
              49.20169994386403
            ],
            [
              -1.786101514520951,
              49.238444137963434
            ],
            [
              -2.0142510453937863,
              49.26767629366206
            ],
            [
              -1.9168809924354802,
              49.3535829730939
            ],
            [
              -1.8281026033260022,
              49.43198902216964
            ],
            [
              -1.9413703056019518,
              49.519326429293784
            ],
            [
              -1.8288246232918288,
              49.53500498229623
            ],
            [
              -1.7353392362132705,
              49.59767726230514
            ]
          ]
        ]
      }
    },
    {
      "type": "Feature",
      "properties": {
        "name": "Zone 88",
        "superficie": 5862,
        "population": 6020,
        "layer": "Layer 4",
        "color": "yellow",
        "opacity": 0.15
      },
      "geometry": {
        "type": "Polygon",
        "coordinates": [
          [
            [
              5.369585718506151,
              42.42719699791335
            ],
            [
              5.453015002784203,
              42.373839584620015
            ],
            [
              5.492311237584314,
              42.38841947956725
            ],
            [
              5.455626658492083,
              42.32956701580226
            ],
            [
              5.4890827938041316,
              42.24576693724861
            ],
            [
              5.444883247104748,
              42.186282473825656
            ],
            [
              5.649100539717962,
              42.12240738246926
            ],
            [
              5.4861116857991945,
              42.05583913933155
            ],
            [
              5.518861674988901,
              42.01673175492025
            ],
            [
              5.396345843466658,
              42.03208360606324
            ],
            [
              5.360455132352536,
              42.04959173825129
            ],
            [
              5.306907740834062,
              42.037839526230236
            ],
            [
              5.273676383360753,
              42.03848265637866
            ],
            [
              5.246821044904073,
              42.104112111663916
            ],
            [
              5.051559676220053,
              42.18333573971393
            ],
            [
              5.201158399865977,
              42.25272404197678
            ],
            [
              5.238511326081711,
              42.28690624532247
            ],
            [
              5.1612424038128895,
              42.33505111601935
            ],
            [
              5.269359263625536,
              42.371936017271295
            ],
            [
              5.369585718506151,
              42.42719699791335
            ]
          ]
        ]
      }
    },
    {
      "type": "Feature",
      "properties": {
        "name": "Zone 89",
        "superficie": 5512,
        "population": 2043,
        "layer": "Layer 1",
        "color": "red",
        "opacity": 0.15
      },
      "geometry": {
        "type": "Polygon",
        "coordinates": [
          [
            [
              -3.8963277230695907,
              48.526483121884866
            ],
            [
              -3.792650281798922,
              48.47124480976089
            ],
            [
              -3.758985246067679,
              48.47447946146737
            ],
            [
              -3.7399467566813693,
              48.4259018074663
            ],
            [
              -3.6737296943354103,
              48.36530352209932
            ],
            [
              -3.809611146999962,
              48.30079635827527
            ],
            [
              -3.5966938612941313,
              48.22835757365868
            ],
            [
              -3.851441224555467,
              48.16676300387885
            ],
            [
              -3.7340434389672135,
              48.176195169645595
            ],
            [
              -3.8867945122768517,
              48.11881463403286
            ],
            [
              -3.9361393045050908,
              48.08180896996153
            ],
            [
              -3.930932220466714,
              48.14002500435254
            ],
            [
              -4.056792850050543,
              48.21104679069858
            ],
            [
              -4.061059874426473,
              48.218932905099365
            ],
            [
              -3.991361205148821,
              48.29805938698605
            ],
            [
              -4.0533949732806756,
              48.351690994145414
            ],
            [
              -4.087060517442395,
              48.4375428598362
            ],
            [
              -3.9909027584108205,
              48.50840755281627
            ],
            [
              -3.9455060167283302,
              48.48784655221124
            ],
            [
              -3.8963277230695907,
              48.526483121884866
            ]
          ]
        ]
      }
    },
    {
      "type": "Feature",
      "properties": {
        "name": "Zone 90",
        "superficie": 3248,
        "population": 6019,
        "layer": "Layer 2",
        "color": "blue",
        "opacity": 0.15
      },
      "geometry": {
        "type": "Polygon",
        "coordinates": [
          [
            [
              -2.2513574939426473,
              43.60269346745439
            ],
            [
              -2.212639244638316,
              43.53443693178889
            ],
            [
              -2.1094200373075935,
              43.40770894579389
            ],
            [
              -2.0211027139367714,
              43.303753985417664
            ],
            [
              -2.1938133057696434,
              43.18911587292878
            ],
            [
              -2.2513574939426473,
              43.11097949283026
            ],
            [
              -2.374700557671522,
              43.192192948165236
            ],
            [
              -2.325968164231978,
              43.27881859392534
            ],
            [
              -2.3793267848407593,
              43.41995167546661
            ],
            [
              -2.4143275040172676,
              43.51031015362201
            ],
            [
              -2.2513574939426473,
              43.60269346745439
            ]
          ]
        ]
      }
    },
    {
      "type": "Feature",
      "properties": {
        "name": "Zone 91",
        "superficie": 3515,
        "population": 9285,
        "layer": "Layer 3",
        "color": "green",
        "opacity": 0.15
      },
      "geometry": {
        "type": "Polygon",
        "coordinates": [
          [
            [
              7.678317391918485,
              50.148797146699614
            ],
            [
              7.741231042376133,
              50.06653425904835
            ],
            [
              7.823594602318552,
              49.9760437737207
            ],
            [
              7.923641021946549,
              49.860073685987075
            ],
            [
              7.784924998673624,
              49.71026510959759
            ],
            [
              7.678317391918485,
              49.72287743695735
            ],
            [
              7.530094583770437,
              49.73623950231319
            ],
            [
              7.3847741132084606,
              49.838442747394396
            ],
            [
              7.360170676817508,
              49.97140355079754
            ],
            [
              7.6162048780181015,
              50.10047865117404
            ],
            [
              7.678317391918485,
              50.148797146699614
            ]
          ]
        ]
      }
    },
    {
      "type": "Feature",
      "properties": {
        "name": "Zone 92",
        "superficie": 3140,
        "population": 5871,
        "layer": "Layer 4",
        "color": "yellow",
        "opacity": 0.15
      },
      "geometry": {
        "type": "Polygon",
        "coordinates": [
          [
            [
              -4.5304840670412165,
              51.155668997241094
            ],
            [
              -4.485098811611895,
              51.067812834497474
            ],
            [
              -4.433670483890444,
              51.08074712913744
            ],
            [
              -4.436095214830142,
              50.97300639059024
            ],
            [
              -4.279537262822617,
              50.89723835172143
            ],
            [
              -4.486800042743483,
              50.84426336371489
            ],
            [
              -4.498196260343947,
              50.73666938986587
            ],
            [
              -4.465473495840313,
              50.71487961008275
            ],
            [
              -4.57463904381352,
              50.721575099132345
            ],
            [
              -4.618998102903253,
              50.76708863681985
            ],
            [
              -4.753373213742841,
              50.806960761774526
            ],
            [
              -4.842470287106431,
              50.901429172015824
            ],
            [
              -4.729800563380858,
              50.98281528421668
            ],
            [
              -4.77877726479969,
              51.05650532592956
            ],
            [
              -4.586599903297351,
              51.1075165252494
            ],
            [
              -4.5304840670412165,
              51.155668997241094
            ]
          ]
        ]
      }
    },
    {
      "type": "Feature",
      "properties": {
        "name": "Zone 93",
        "superficie": 6727,
        "population": 8433,
        "layer": "Layer 1",
        "color": "red",
        "opacity": 0.15
      },
      "geometry": {
        "type": "Polygon",
        "coordinates": [
          [
            [
              2.754148323846687,
              47.89017608707937
            ],
            [
              2.7895840391746383,
              47.823570992895945
            ],
            [
              2.9213576594247432,
              47.827751458832
            ],
            [
              3.0337160924167037,
              47.743323700614354
            ],
            [
              2.8621685740918448,
              47.68005982699289
            ],
            [
              2.8596617369440422,
              47.61402701955625
            ],
            [
              2.9556410131915443,
              47.542932780573594
            ],
            [
              2.881024135920396,
              47.49466864095734
            ],
            [
              2.867282702413665,
              47.44538876483841
            ],
            [
              2.754148323846687,
              47.47285481323078
            ],
            [
              2.7071179017995655,
              47.442392015688235
            ],
            [
              2.649328572451324,
              47.50730905343149
            ],
            [
              2.6514892762180016,
              47.527227214400746
            ],
            [
              2.4937191309487368,
              47.599532687129376
            ],
            [
              2.4282119940950544,
              47.668165482672535
            ],
            [
              2.642037692115462,
              47.76027469593457
            ],
            [
              2.6274835117353166,
              47.814634448243886
            ],
            [
              2.696388645486979,
              47.79049996343606
            ],
            [
              2.754148323846687,
              47.89017608707937
            ]
          ]
        ]
      }
    },
    {
      "type": "Feature",
      "properties": {
        "name": "Zone 94",
        "superficie": 5250,
        "population": 6142,
        "layer": "Layer 2",
        "color": "blue",
        "opacity": 0.15
      },
      "geometry": {
        "type": "Polygon",
        "coordinates": [
          [
            [
              4.572125038446989,
              44.74878596554681
            ],
            [
              4.65410807661755,
              44.768404498644024
            ],
            [
              4.6501136981108235,
              44.666603932056
            ],
            [
              4.756647242682753,
              44.65998677023163
            ],
            [
              4.752603111099041,
              44.576039674977324
            ],
            [
              4.7180857359634905,
              44.51031920905543
            ],
            [
              4.785990732277575,
              44.4411762119186
            ],
            [
              4.628774025367432,
              44.39237998821921
            ],
            [
              4.594688757032196,
              44.396744753800434
            ],
            [
              4.572125038446989,
              44.35401618565399
            ],
            [
              4.5458035167094035,
              44.34210877822367
            ],
            [
              4.376709453238255,
              44.37672388388459
            ],
            [
              4.461980521701521,
              44.44574862826432
            ],
            [
              4.252222843754305,
              44.50967086808693
            ],
            [
              4.326053217546409,
              44.58036680673056
            ],
            [
              4.505620776805943,
              44.6227298738542
            ],
            [
              4.4955141132172605,
              44.69666254405564
            ],
            [
              4.519745386988349,
              44.73038301364618
            ],
            [
              4.572125038446989,
              44.74878596554681
            ]
          ]
        ]
      }
    },
    {
      "type": "Feature",
      "properties": {
        "name": "Zone 95",
        "superficie": 6287,
        "population": 6756,
        "layer": "Layer 3",
        "color": "green",
        "opacity": 0.15
      },
      "geometry": {
        "type": "Polygon",
        "coordinates": [
          [
            [
              -0.7988701282300141,
              47.574547598310495
            ],
            [
              -0.6406439479274549,
              47.625126583097284
            ],
            [
              -0.7027740186962638,
              47.51023977940748
            ],
            [
              -0.554205462980528,
              47.43017368117683
            ],
            [
              -0.6517580561450722,
              47.33819630731346
            ],
            [
              -0.750606168334201,
              47.24426669414287
            ],
            [
              -0.7670942709128066,
              47.18399132395391
            ],
            [
              -0.8241502757897595,
              47.182391573303256
            ],
            [
              -0.9470816661390717,
              47.28653062421587
            ],
            [
              -1.1035221418365322,
              47.35140690403099
            ],
            [
              -0.9493062227634357,
              47.429771942048895
            ],
            [
              -1.0477611747225966,
              47.52863231167054
            ],
            [
              -0.8599511411855989,
              47.59392452314114
            ],
            [
              -0.7988701282300141,
              47.574547598310495
            ]
          ]
        ]
      }
    },
    {
      "type": "Feature",
      "properties": {
        "name": "Zone 96",
        "superficie": 3370,
        "population": 7471,
        "layer": "Layer 4",
        "color": "yellow",
        "opacity": 0.15
      },
      "geometry": {
        "type": "Polygon",
        "coordinates": [
          [
            [
              -4.292986553862345,
              46.643025085433536
            ],
            [
              -4.268237325310899,
              46.62639350780654
            ],
            [
              -4.061052660652806,
              46.608246348364545
            ],
            [
              -4.058703314802832,
              46.52370790463055
            ],
            [
              -4.1681151493834445,
              46.43280306171937
            ],
            [
              -3.990339028352474,
              46.325930363648645
            ],
            [
              -4.1269534570867545,
              46.26503237350534
            ],
            [
              -4.2715116696380555,
              46.26350811266928
            ],
            [
              -4.358403158940761,
              46.27072115653472
            ],
            [
              -4.46779844939911,
              46.28394710743948
            ],
            [
              -4.50305633828177,
              46.327010616753334
            ],
            [
              -4.375363582097109,
              46.43361882043264
            ],
            [
              -4.428609383039486,
              46.520516820825215
            ],
            [
              -4.50753728882223,
              46.60563108475502
            ],
            [
              -4.401516461720432,
              46.663976532339895
            ],
            [
              -4.292986553862345,
              46.643025085433536
            ]
          ]
        ]
      }
    },
    {
      "type": "Feature",
      "properties": {
        "name": "Zone 97",
        "superficie": 3792,
        "population": 1387,
        "layer": "Layer 1",
        "color": "red",
        "opacity": 0.15
      },
      "geometry": {
        "type": "Polygon",
        "coordinates": [
          [
            [
              4.059645805773279,
              47.52046105400087
            ],
            [
              4.146602337425206,
              47.42891376246074
            ],
            [
              4.2815073350055375,
              47.36905170598599
            ],
            [
              4.126775305229701,
              47.23810349009407
            ],
            [
              4.151730914572078,
              47.12362727283452
            ],
            [
              4.059645805773279,
              47.07410111756205
            ],
            [
              3.927784307818447,
              47.13548056403842
            ],
            [
              3.9658249449447105,
              47.25301608384272
            ],
            [
              3.774215854816598,
              47.36818967334113
            ],
            [
              3.9868369116099536,
              47.430059958059694
            ],
            [
              4.059645805773279,
              47.52046105400087
            ]
          ]
        ]
      }
    },
    {
      "type": "Feature",
      "properties": {
        "name": "Zone 98",
        "superficie": 3869,
        "population": 2026,
        "layer": "Layer 2",
        "color": "blue",
        "opacity": 0.15
      },
      "geometry": {
        "type": "Polygon",
        "coordinates": [
          [
            [
              -4.906758800764237,
              45.651430155064304
            ],
            [
              -4.779873851625209,
              45.648580455230125
            ],
            [
              -4.653719054979795,
              45.52939987344533
            ],
            [
              -4.76877452229208,
              45.415025516714145
            ],
            [
              -4.783624102441941,
              45.28375553021439
            ],
            [
              -4.906758800764237,
              45.28204700266202
            ],
            [
              -4.988659260046888,
              45.33931774706414
            ],
            [
              -5.041638580275486,
              45.390379577197464
            ],
            [
              -5.0092581166078585,
              45.51216988439531
            ],
            [
              -5.044647241698328,
              45.644189542248746
            ],
            [
              -4.906758800764237,
              45.651430155064304
            ]
          ]
        ]
      }
    },
    {
      "type": "Feature",
      "properties": {
        "name": "Zone 99",
        "superficie": 6159,
        "population": 9122,
        "layer": "Layer 3",
        "color": "green",
        "opacity": 0.15
      },
      "geometry": {
        "type": "Polygon",
        "coordinates": [
          [
            [
              3.6841465248199583,
              48.34645920391715
            ],
            [
              3.7928864973519256,
              48.285671505861465
            ],
            [
              3.891617427145895,
              48.238275295003845
            ],
            [
              4.007840478463073,
              48.10600772939478
            ],
            [
              3.939331334113464,
              48.01640926975792
            ],
            [
              3.7584354704557903,
              47.975497075450434
            ],
            [
              3.620515910332282,
              47.926080200677006
            ],
            [
              3.6146706758361162,
              48.015967561621935
            ],
            [
              3.509973466411905,
              48.10487121392317
            ],
            [
              3.366424281539872,
              48.214211128323335
            ],
            [
              3.5250699164496684,
              48.32357460006145
            ],
            [
              3.6841465248199583,
              48.34645920391715
            ]
          ]
        ]
      }
    },
    {
      "type": "Feature",
      "properties": {
        "name": "Zone 100",
        "superficie": 5849,
        "population": 4344,
        "layer": "Layer 4",
        "color": "yellow",
        "opacity": 0.15
      },
      "geometry": {
        "type": "Polygon",
        "coordinates": [
          [
            [
              6.287294784725278,
              48.27311839667916
            ],
            [
              6.323589697962266,
              48.25550547624626
            ],
            [
              6.394027139745499,
              48.164278106548565
            ],
            [
              6.419815673598859,
              48.07336521155533
            ],
            [
              6.407669247794264,
              47.96230334550762
            ],
            [
              6.362009818367377,
              47.92569044948748
            ],
            [
              6.246642927615488,
              47.904332732440494
            ],
            [
              6.080801318831683,
              47.95522345773864
            ],
            [
              6.170395381052859,
              48.06305662014397
            ],
            [
              6.099609198777807,
              48.18792122449503
            ],
            [
              6.252338633660067,
              48.24406133413831
            ],
            [
              6.287294784725278,
              48.27311839667916
            ]
          ]
        ]
      }
    },
    {
      "type": "Feature",
      "properties": {
        "name": "Zone 101",
        "superficie": 6880,
        "population": 9550,
        "layer": "Layer 1",
        "color": "red",
        "opacity": 0.15
      },
      "geometry": {
        "type": "Polygon",
        "coordinates": [
          [
            [
              -0.04556624878568183,
              50.866508585745855
            ],
            [
              0.015182751250510614,
              50.88178291368363
            ],
            [
              0.12994718632849073,
              50.83336655743112
            ],
            [
              0.15628668049762479,
              50.816422327633674
            ],
            [
              0.045783659354568865,
              50.732679086401546
            ],
            [
              0.2084925869722109,
              50.67740632604549
            ],
            [
              0.17566992489549535,
              50.628805793952424
            ],
            [
              0.20554056085344324,
              50.54167708196343
            ],
            [
              0.11300016872148513,
              50.52414262685593
            ],
            [
              -0.02079426192951184,
              50.50287290797814
            ],
            [
              -0.06895128307870106,
              50.457022877332335
            ],
            [
              -0.18283295386706785,
              50.52807492627321
            ],
            [
              -0.14864164984753692,
              50.55125424086297
            ],
            [
              -0.312685547029265,
              50.61161068959767
            ],
            [
              -0.3943595101178106,
              50.679402276119596
            ],
            [
              -0.21575851672808388,
              50.744281257306824
            ],
            [
              -0.10000226338422072,
              50.825478906233755
            ],
            [
              -0.08885147242545724,
              50.828462593102934
            ],
            [
              -0.07192570276221932,
              50.84696591072382
            ],
            [
              -0.04556624878568183,
              50.866508585745855
            ]
          ]
        ]
      }
    },
    {
      "type": "Feature",
      "properties": {
        "name": "Zone 102",
        "superficie": 6986,
        "population": 2753,
        "layer": "Layer 2",
        "color": "blue",
        "opacity": 0.15
      },
      "geometry": {
        "type": "Polygon",
        "coordinates": [
          [
            [
              -2.7506290296537372,
              47.83514124010117
            ],
            [
              -2.6605031004414346,
              47.78806515544235
            ],
            [
              -2.5388921276780394,
              47.78919895191347
            ],
            [
              -2.55953972258036,
              47.70535291697518
            ],
            [
              -2.690239485447492,
              47.596924146635644
            ],
            [
              -2.5336509938557605,
              47.53701459948265
            ],
            [
              -2.6621092524862484,
              47.427531915165666
            ],
            [
              -2.7506290296537372,
              47.46335917273566
            ],
            [
              -2.79558006089763,
              47.4377399481919
            ],
            [
              -3.019603283889237,
              47.50158162501008
            ],
            [
              -2.9409887961117454,
              47.61059383151087
            ],
            [
              -2.9055350609228485,
              47.68912419421838
            ],
            [
              -2.8385434552380495,
              47.77264975600415
            ],
            [
              -2.823108346263761,
              47.87697714282312
            ],
            [
              -2.7506290296537372,
              47.83514124010117
            ]
          ]
        ]
      }
    },
    {
      "type": "Feature",
      "properties": {
        "name": "Zone 103",
        "superficie": 5789,
        "population": 1265,
        "layer": "Layer 3",
        "color": "green",
        "opacity": 0.15
      },
      "geometry": {
        "type": "Polygon",
        "coordinates": [
          [
            [
              0.42505150959932436,
              46.403595884962655
            ],
            [
              0.4906829473085381,
              46.36535477947237
            ],
            [
              0.6601567338746728,
              46.29751655634617
            ],
            [
              0.6869561314722165,
              46.22508572637528
            ],
            [
              0.5311304842586162,
              46.13765441645358
            ],
            [
              0.6865482728840671,
              46.05247904125785
            ],
            [
              0.4542294988581033,
              46.02607114055699
            ],
            [
              0.42505150959932436,
              45.953305349893455
            ],
            [
              0.33447703113527233,
              45.96787138654947
            ],
            [
              0.33768762297036403,
              46.06461528280232
            ],
            [
              0.29997134991647145,
              46.14186320323705
            ],
            [
              0.24943529896016622,
              46.22863718140524
            ],
            [
              0.2573500229159091,
              46.28918332065317
            ],
            [
              0.2761850475547648,
              46.32274948758575
            ],
            [
              0.42505150959932436,
              46.403595884962655
            ]
          ]
        ]
      }
    },
    {
      "type": "Feature",
      "properties": {
        "name": "Zone 104",
        "superficie": 7630,
        "population": 8389,
        "layer": "Layer 4",
        "color": "yellow",
        "opacity": 0.15
      },
      "geometry": {
        "type": "Polygon",
        "coordinates": [
          [
            [
              0.76293838314204,
              43.4577404151887
            ],
            [
              0.8595891631462008,
              43.46988803492749
            ],
            [
              0.8494037282608485,
              43.428779984939816
            ],
            [
              1.0838667419416108,
              43.347041507289504
            ],
            [
              1.0034940141053879,
              43.25009884756778
            ],
            [
              0.9844457982942961,
              43.153741214264556
            ],
            [
              0.9605026902337237,
              43.12492974642976
            ],
            [
              0.7827840113283947,
              43.038928499233265
            ],
            [
              0.7140877206447646,
              43.111299087864765
            ],
            [
              0.6494246538346408,
              43.13212416186175
            ],
            [
              0.6704935955865674,
              43.16446431831282
            ],
            [
              0.579416183643824,
              43.247310897257215
            ],
            [
              0.65167181736164,
              43.32158351354737
            ],
            [
              0.6330380396707581,
              43.419639495901144
            ],
            [
              0.7422516772297019,
              43.41379455447548
            ],
            [
              0.76293838314204,
              43.4577404151887
            ]
          ]
        ]
      }
    },
    {
      "type": "Feature",
      "properties": {
        "name": "Zone 105",
        "superficie": 6958,
        "population": 585,
        "layer": "Layer 1",
        "color": "red",
        "opacity": 0.15
      },
      "geometry": {
        "type": "Polygon",
        "coordinates": [
          [
            [
              7.956446647200009,
              42.68551192369252
            ],
            [
              8.070116500713846,
              42.720281564584134
            ],
            [
              8.020203210314826,
              42.64242267830853
            ],
            [
              8.21143222874674,
              42.57551940264247
            ],
            [
              8.060254312106046,
              42.51024397649359
            ],
            [
              8.178341670905482,
              42.45102109062532
            ],
            [
              8.176963854820173,
              42.370259036498915
            ],
            [
              7.991999189154723,
              42.316525825374356
            ],
            [
              7.972750679046794,
              42.25159604419622
            ],
            [
              7.90229207564818,
              42.308577247900956
            ],
            [
              7.904579781607641,
              42.3223853436127
            ],
            [
              7.680969956944788,
              42.376971735297005
            ],
            [
              7.833809450072284,
              42.44652773088251
            ],
            [
              7.697648381312267,
              42.51344500426423
            ],
            [
              7.899081580702529,
              42.594073155322334
            ],
            [
              7.8520998819720305,
              42.65452327491639
            ],
            [
              7.910237277301046,
              42.70288230171652
            ],
            [
              7.956446647200009,
              42.68551192369252
            ]
          ]
        ]
      }
    },
    {
      "type": "Feature",
      "properties": {
        "name": "Zone 106",
        "superficie": 5874,
        "population": 602,
        "layer": "Layer 2",
        "color": "blue",
        "opacity": 0.15
      },
      "geometry": {
        "type": "Polygon",
        "coordinates": [
          [
            [
              7.310242797721418,
              45.683702585823795
            ],
            [
              7.332973515814745,
              45.7494593061158
            ],
            [
              7.39282428009933,
              45.67421497340022
            ],
            [
              7.544892217407171,
              45.56653499498111
            ],
            [
              7.412960221621693,
              45.48169886512482
            ],
            [
              7.444723479503128,
              45.40244334943079
            ],
            [
              7.345882061340698,
              45.30617244166567
            ],
            [
              7.310242797721418,
              45.29112374638992
            ],
            [
              7.222180433535027,
              45.35569717038052
            ],
            [
              7.251340306855991,
              45.41508073155231
            ],
            [
              7.089110371278526,
              45.48728221567605
            ],
            [
              7.152495554701999,
              45.56741779570696
            ],
            [
              7.270309153581684,
              45.67185611736015
            ],
            [
              7.190549291352197,
              45.69487028995991
            ],
            [
              7.310242797721418,
              45.683702585823795
            ]
          ]
        ]
      }
    },
    {
      "type": "Feature",
      "properties": {
        "name": "Zone 107",
        "superficie": 7786,
        "population": 3306,
        "layer": "Layer 3",
        "color": "green",
        "opacity": 0.15
      },
      "geometry": {
        "type": "Polygon",
        "coordinates": [
          [
            [
              0.8958558933989877,
              44.48364087946123
            ],
            [
              0.9394766588218858,
              44.503551434350925
            ],
            [
              1.0550665323599138,
              44.40624069694491
            ],
            [
              1.1604164303295943,
              44.35611012101205
            ],
            [
              0.9579396866926533,
              44.275639589629755
            ],
            [
              0.9584764170240057,
              44.184662358307705
            ],
            [
              1.1032696839568028,
              44.14033877953906
            ],
            [
              0.9896495990335309,
              44.05949971662673
            ],
            [
              0.8958558933989877,
              44.07390922067215
            ],
            [
              0.8503947086789909,
              44.05444081575392
            ],
            [
              0.8322063216098899,
              44.13144860128963
            ],
            [
              0.8150786258534752,
              44.193773440807846
            ],
            [
              0.8212058324493889,
              44.275639589629755
            ],
            [
              0.7159761007115399,
              44.34072571001878
            ],
            [
              0.8434854915582354,
              44.42184780549152
            ],
            [
              0.8076171807394763,
              44.47634205187324
            ],
            [
              0.8958558933989877,
              44.48364087946123
            ]
          ]
        ]
      }
    },
    {
      "type": "Feature",
      "properties": {
        "name": "Zone 108",
        "superficie": 3768,
        "population": 7097,
        "layer": "Layer 4",
        "color": "yellow",
        "opacity": 0.15
      },
      "geometry": {
        "type": "Polygon",
        "coordinates": [
          [
            [
              2.8161733490211827,
              43.79737229173339
            ],
            [
              2.844939876332802,
              43.748725354901424
            ],
            [
              3.017009918243563,
              43.7227425665811
            ],
            [
              2.9954839598313363,
              43.66013129007038
            ],
            [
              3.0264490722084822,
              43.56542312386513
            ],
            [
              2.9782847587524834,
              43.505288181176525
            ],
            [
              2.9925996900205605,
              43.40945396479322
            ],
            [
              2.927507066916202,
              43.36009504460078
            ],
            [
              2.8161733490211827,
              43.34129109997802
            ],
            [
              2.6987451866250005,
              43.355093429195186
            ],
            [
              2.601149566191845,
              43.45214717162042
            ],
            [
              2.7010506308708355,
              43.47026302149363
            ],
            [
              2.756049090191989,
              43.56542312386513
            ],
            [
              2.6130865136908175,
              43.64102183480136
            ],
            [
              2.7096378816032325,
              43.715786461244825
            ],
            [
              2.7908247452986017,
              43.75337607494433
            ],
            [
              2.8161733490211827,
              43.79737229173339
            ]
          ]
        ]
      }
    },
    {
      "type": "Feature",
      "properties": {
        "name": "Zone 109",
        "superficie": 3890,
        "population": 4649,
        "layer": "Layer 1",
        "color": "red",
        "opacity": 0.15
      },
      "geometry": {
        "type": "Polygon",
        "coordinates": [
          [
            [
              2.130089209676462,
              46.11236450689344
            ],
            [
              2.2406121908082373,
              46.08948037344655
            ],
            [
              2.205984417856098,
              45.97037232957659
            ],
            [
              2.219076193408797,
              45.8911824568521
            ],
            [
              2.431550760351834,
              45.81411917878084
            ],
            [
              2.1891904540247884,
              45.70913843863691
            ],
            [
              2.130089209676462,
              45.651899122111594
            ],
            [
              2.0765647684395336,
              45.703316896097114
            ],
            [
              1.8328847408029392,
              45.79700142466901
            ],
            [
              1.9426296123116775,
              45.8911824568521
            ],
            [
              1.9814908352768914,
              46.00882754644648
            ],
            [
              1.9834218583214356,
              46.06800193662532
            ],
            [
              2.130089209676462,
              46.11236450689344
            ]
          ]
        ]
      }
    },
    {
      "type": "Feature",
      "properties": {
        "name": "Zone 110",
        "superficie": 6940,
        "population": 7572,
        "layer": "Layer 2",
        "color": "blue",
        "opacity": 0.15
      },
      "geometry": {
        "type": "Polygon",
        "coordinates": [
          [
            [
              0.29866188958073714,
              45.63668462458962
            ],
            [
              0.43705185229813126,
              45.65217017143864
            ],
            [
              0.39728889105410936,
              45.61227204363491
            ],
            [
              0.5650685953300079,
              45.52952282671188
            ],
            [
              0.399802055746684,
              45.44329000144369
            ],
            [
              0.4331947893494349,
              45.38695141849488
            ],
            [
              0.4821318746016627,
              45.29150904202035
            ],
            [
              0.36312834200048344,
              45.237375752606376
            ],
            [
              0.2808249732379636,
              45.27273206445481
            ],
            [
              0.22433310351923177,
              45.31826796970455
            ],
            [
              0.15302602719501773,
              45.354741256802534
            ],
            [
              -0.03968054813216332,
              45.44940826061187
            ],
            [
              0.04846044291297419,
              45.53291253341194
            ],
            [
              0.09683617950216011,
              45.62969030067557
            ],
            [
              0.23840626895809905,
              45.63874650841169
            ],
            [
              0.29866188958073714,
              45.63668462458962
            ]
          ]
        ]
      }
    },
    {
      "type": "Feature",
      "properties": {
        "name": "Zone 111",
        "superficie": 5516,
        "population": 1792,
        "layer": "Layer 3",
        "color": "green",
        "opacity": 0.15
      },
      "geometry": {
        "type": "Polygon",
        "coordinates": [
          [
            [
              6.4782347382526915,
              48.401715752950835
            ],
            [
              6.552103792066386,
              48.34374785369202
            ],
            [
              6.657468949154933,
              48.37645452378558
            ],
            [
              6.712723790229625,
              48.28023484139937
            ],
            [
              6.541984501080755,
              48.232105321983454
            ],
            [
              6.629147134079581,
              48.15915918721937
            ],
            [
              6.548424246907417,
              48.07465611676224
            ],
            [
              6.693888638397325,
              48.026513610751174
            ],
            [
              6.5964776867816735,
              48.04806366460079
            ],
            [
              6.4782347382526915,
              47.955399386106166
            ],
            [
              6.393730919107778,
              48.049687876625306
            ],
            [
              6.33526719150641,
              48.02477874230138
            ],
            [
              6.356860852673661,
              48.0837389786407
            ],
            [
              6.416130371763138,
              48.15618316406304
            ],
            [
              6.423618289031311,
              48.219996657314475
            ],
            [
              6.20575992666611,
              48.29855519571488
            ],
            [
              6.429109928370084,
              48.32742132052489
            ],
            [
              6.377062007374185,
              48.3944992073363
            ],
            [
              6.4782347382526915,
              48.401715752950835
            ]
          ]
        ]
      }
    },
    {
      "type": "Feature",
      "properties": {
        "name": "Zone 112",
        "superficie": 4246,
        "population": 4827,
        "layer": "Layer 4",
        "color": "yellow",
        "opacity": 0.15
      },
      "geometry": {
        "type": "Polygon",
        "coordinates": [
          [
            [
              7.6653663413866955,
              44.08827908141123
            ],
            [
              7.734290494854634,
              44.11171494694812
            ],
            [
              7.898707782961407,
              44.04307176176868
            ],
            [
              7.817763447467606,
              43.966745097102184
            ],
            [
              7.831035041934549,
              43.91038979401467
            ],
            [
              7.826518088035355,
              43.84210420616133
            ],
            [
              7.759129721952849,
              43.785838601381904
            ],
            [
              7.813495573087452,
              43.71368569812155
            ],
            [
              7.688026986240212,
              43.70486566965621
            ],
            [
              7.639715773375181,
              43.66702289369503
            ],
            [
              7.484945610356302,
              43.74016112725007
            ],
            [
              7.597218582659787,
              43.77331704655879
            ],
            [
              7.377253998146513,
              43.83689283132473
            ],
            [
              7.582062238062482,
              43.917562954252695
            ],
            [
              7.4190746541856285,
              43.98993538533442
            ],
            [
              7.609021990618879,
              44.05618367472829
            ],
            [
              7.540905132825549,
              44.07866306189012
            ],
            [
              7.6653663413866955,
              44.08827908141123
            ]
          ]
        ]
      }
    },
    {
      "type": "Feature",
      "properties": {
        "name": "Zone 113",
        "superficie": 6798,
        "population": 6436,
        "layer": "Layer 1",
        "color": "red",
        "opacity": 0.15
      },
      "geometry": {
        "type": "Polygon",
        "coordinates": [
          [
            [
              3.461181093292865,
              49.25494038767849
            ],
            [
              3.4835720717134238,
              49.24153561461633
            ],
            [
              3.5257184102362484,
              49.17996053490738
            ],
            [
              3.628366623590371,
              49.118074732938936
            ],
            [
              3.5411299646430567,
              49.03654534989882
            ],
            [
              3.5829477432821992,
              48.979084177165014
            ],
            [
              3.6079401961672732,
              48.87815673626695
            ],
            [
              3.461181093292865,
              48.90879708780534
            ],
            [
              3.3232178162501556,
              48.89398635341825
            ],
            [
              3.2177135830900996,
              48.949444375339716
            ],
            [
              3.131390511614564,
              49.03774318595718
            ],
            [
              3.3771814123055397,
              49.119225491174404
            ],
            [
              3.2110691618961646,
              49.19706327249483
            ],
            [
              3.409245886444897,
              49.28119356019223
            ],
            [
              3.461181093292865,
              49.25494038767849
            ]
          ]
        ]
      }
    },
    {
      "type": "Feature",
      "properties": {
        "name": "Zone 114",
        "superficie": 3736,
        "population": 1990,
        "layer": "Layer 2",
        "color": "blue",
        "opacity": 0.15
      },
      "geometry": {
        "type": "Polygon",
        "coordinates": [
          [
            [
              5.644878329205669,
              51.18308431681224
            ],
            [
              5.676322062137976,
              51.173727389651646
            ],
            [
              5.737588073484248,
              51.16370994497853
            ],
            [
              5.829105733890775,
              51.07930623857007
            ],
            [
              5.961733509205304,
              51.023382139387
            ],
            [
              5.880197602681518,
              50.952880011803195
            ],
            [
              5.782837022878376,
              50.892880020074045
            ],
            [
              5.761107601483434,
              50.82718465804493
            ],
            [
              5.735387738388152,
              50.78321961188724
            ],
            [
              5.644878329205669,
              50.777728191603
            ],
            [
              5.600302028468478,
              50.83847783282102
            ],
            [
              5.560408884606809,
              50.8274887895782
            ],
            [
              5.556109966009472,
              50.870204178945855
            ],
            [
              5.420867626920023,
              50.943600629693556
            ],
            [
              5.475219323254719,
              51.00856205466436
            ],
            [
              5.505769467059275,
              51.06065283477251
            ],
            [
              5.505221208517076,
              51.10425246842978
            ],
            [
              5.542234520044784,
              51.124988721396804
            ],
            [
              5.644878329205669,
              51.18308431681224
            ]
          ]
        ]
      }
    },
    {
      "type": "Feature",
      "properties": {
        "name": "Zone 115",
        "superficie": 4028,
        "population": 2905,
        "layer": "Layer 3",
        "color": "green",
        "opacity": 0.15
      },
      "geometry": {
        "type": "Polygon",
        "coordinates": [
          [
            [
              0.9898409008063584,
              48.75346135230993
            ],
            [
              1.0312459084770205,
              48.73093679902913
            ],
            [
              1.2013383251522183,
              48.63663410550957
            ],
            [
              1.1841493126360374,
              48.581012686638566
            ],
            [
              1.2743427270933907,
              48.48656351841109
            ],
            [
              1.2005776822793985,
              48.40987184923223
            ],
            [
              1.0723766134864763,
              48.309380658444326
            ],
            [
              0.9898409008063584,
              48.309727105954515
            ],
            [
              0.9395454471735265,
              48.33018870452397
            ],
            [
              0.80443080059418,
              48.41621562231354
            ],
            [
              0.8276301965594871,
              48.47924166986716
            ],
            [
              0.8579177913592643,
              48.57256199163846
            ],
            [
              0.7855588129166895,
              48.678730884428504
            ],
            [
              0.8665563574583814,
              48.70492544446381
            ],
            [
              0.9898409008063584,
              48.75346135230993
            ]
          ]
        ]
      }
    },
    {
      "type": "Feature",
      "properties": {
        "name": "Zone 116",
        "superficie": 7514,
        "population": 4301,
        "layer": "Layer 4",
        "color": "yellow",
        "opacity": 0.15
      },
      "geometry": {
        "type": "Polygon",
        "coordinates": [
          [
            [
              2.6507102627338064,
              47.3648953256669
            ],
            [
              2.683595732193759,
              47.31064655196431
            ],
            [
              2.9487451449385413,
              47.2202896216824
            ],
            [
              2.704753472480687,
              47.10849807307662
            ],
            [
              2.707248679669788,
              47.02895345426691
            ],
            [
              2.6507102627338064,
              46.93200385203142
            ],
            [
              2.562138754209088,
              46.9696080987621
            ],
            [
              2.539091464115658,
              47.109448716946225
            ],
            [
              2.357914141647766,
              47.22220956995923
            ],
            [
              2.570765255065522,
              47.3271044302352
            ],
            [
              2.6507102627338064,
              47.3648953256669
            ]
          ]
        ]
      }
    },
    {
      "type": "Feature",
      "properties": {
        "name": "Zone 117",
        "superficie": 5173,
        "population": 4682,
        "layer": "Layer 1",
        "color": "red",
        "opacity": 0.15
      },
      "geometry": {
        "type": "Polygon",
        "coordinates": [
          [
            [
              4.096395850653938,
              43.47791186062691
            ],
            [
              4.215223507930076,
              43.43195781242989
            ],
            [
              4.367239159184805,
              43.3925133257115
            ],
            [
              4.348958473198243,
              43.299638478881484
            ],
            [
              4.33772870507257,
              43.205649468940074
            ],
            [
              4.217822420891259,
              43.11113891275343
            ],
            [
              4.111091387233408,
              43.1107666496225
            ],
            [
              4.047800027659798,
              43.109732928915996
            ],
            [
              3.9931482769943973,
              43.14456910484944
            ],
            [
              3.830223972755305,
              43.217025687505526
            ],
            [
              3.8988272738205647,
              43.29875560073459
            ],
            [
              4.042062346884407,
              43.3822607921683
            ],
            [
              4.064837772756053,
              43.41199951426311
            ],
            [
              4.096395850653938,
              43.47791186062691
            ]
          ]
        ]
      }
    },
    {
      "type": "Feature",
      "properties": {
        "name": "Zone 118",
        "superficie": 6341,
        "population": 5663,
        "layer": "Layer 2",
        "color": "blue",
        "opacity": 0.15
      },
      "geometry": {
        "type": "Polygon",
        "coordinates": [
          [
            [
              2.948249363798902,
              45.196433284178575
            ],
            [
              3.013117664787311,
              45.151127933638016
            ],
            [
              2.9988224097234117,
              45.09801289113472
            ],
            [
              3.058892909803503,
              45.00899686848971
            ],
            [
              3.1899956983886093,
              44.9159078876371
            ],
            [
              3.0009531262485933,
              44.8766726938338
            ],
            [
              2.948249363798902,
              44.77800457652603
            ],
            [
              2.920048757516302,
              44.823178151678114
            ],
            [
              2.8113781058942706,
              44.90681341059881
            ],
            [
              2.889667124158559,
              45.00899686848971
            ],
            [
              2.8871891482966445,
              45.08865832239763
            ],
            [
              2.918695741693319,
              45.214037306387986
            ],
            [
              2.948249363798902,
              45.196433284178575
            ]
          ]
        ]
      }
    },
    {
      "type": "Feature",
      "properties": {
        "name": "Zone 119",
        "superficie": 4337,
        "population": 8841,
        "layer": "Layer 3",
        "color": "green",
        "opacity": 0.15
      },
      "geometry": {
        "type": "Polygon",
        "coordinates": [
          [
            [
              -4.627000728709193,
              49.67227501010724
            ],
            [
              -4.456185891178066,
              49.640839754567615
            ],
            [
              -4.497220697107267,
              49.56870733433303
            ],
            [
              -4.516580912178725,
              49.44447416196283
            ],
            [
              -4.447677707143954,
              49.33022038038935
            ],
            [
              -4.5401158875281755,
              49.30219510423432
            ],
            [
              -4.675168364180568,
              49.282050567406834
            ],
            [
              -4.68988389740474,
              49.34177971686061
            ],
            [
              -4.8876471420609935,
              49.43864593418687
            ],
            [
              -4.747962952306057,
              49.56732089110712
            ],
            [
              -4.672589046801489,
              49.65808664518583
            ],
            [
              -4.627000728709193,
              49.67227501010724
            ]
          ]
        ]
      }
    },
    {
      "type": "Feature",
      "properties": {
        "name": "Zone 120",
        "superficie": 3282,
        "population": 2263,
        "layer": "Layer 4",
        "color": "yellow",
        "opacity": 0.15
      },
      "geometry": {
        "type": "Polygon",
        "coordinates": [
          [
            [
              3.72827593836562,
              46.57867700987381
            ],
            [
              3.8681186618599988,
              46.58149033683202
            ],
            [
              3.8562518436240723,
              46.49968053521341
            ],
            [
              4.003527438127286,
              46.38250484221283
            ],
            [
              3.9760773645910197,
              46.24468855264352
            ],
            [
              3.797078213873556,
              46.23391670052589
            ],
            [
              3.6612799395306572,
              46.229428129078215
            ],
            [
              3.4829816664209443,
              46.30026877010621
            ],
            [
              3.5457731710233,
              46.37324115788112
            ],
            [
              3.6752385116417225,
              46.49015834216131
            ],
            [
              3.584151638056644,
              46.58710799805708
            ],
            [
              3.72827593836562,
              46.57867700987381
            ]
          ]
        ]
      }
    },
    {
      "type": "Feature",
      "properties": {
        "name": "Zone 121",
        "superficie": 4491,
        "population": 4978,
        "layer": "Layer 1",
        "color": "red",
        "opacity": 0.15
      },
      "geometry": {
        "type": "Polygon",
        "coordinates": [
          [
            [
              -0.8261921807309109,
              47.82669074992254
            ],
            [
              -0.7037055271246381,
              47.762099564384954
            ],
            [
              -0.7371525500270196,
              47.74820746834201
            ],
            [
              -0.5679467447235282,
              47.713137355996906
            ],
            [
              -0.6043458550000109,
              47.633897928320195
            ],
            [
              -0.5779730385661777,
              47.575561091457494
            ],
            [
              -0.7102367449252525,
              47.50006864248942
            ],
            [
              -0.7196111943784943,
              47.42056445606721
            ],
            [
              -0.8144717911959812,
              47.39352103583367
            ],
            [
              -0.8663922133052622,
              47.38059684167157
            ],
            [
              -1.0026830145351775,
              47.473739199944724
            ],
            [
              -0.9902033892687072,
              47.47746480607873
            ],
            [
              -0.9705864996768037,
              47.55511291497695
            ],
            [
              -1.0840201929106785,
              47.638674531905004
            ],
            [
              -0.9652556962628619,
              47.701841228254736
            ],
            [
              -0.8621330588502774,
              47.73876780878239
            ],
            [
              -0.8464401105221668,
              47.83459764417965
            ],
            [
              -0.8261921807309109,
              47.82669074992254
            ]
          ]
        ]
      }
    },
    {
      "type": "Feature",
      "properties": {
        "name": "Zone 122",
        "superficie": 7189,
        "population": 5068,
        "layer": "Layer 2",
        "color": "blue",
        "opacity": 0.15
      },
      "geometry": {
        "type": "Polygon",
        "coordinates": [
          [
            [
              7.128951498058278,
              49.39208187046956
            ],
            [
              7.2163179054617785,
              49.351121354659874
            ],
            [
              7.343229694963812,
              49.222180772696106
            ],
            [
              7.188679495026271,
              49.12598155960649
            ],
            [
              7.281802671430392,
              49.00167675362978
            ],
            [
              7.203617740567658,
              48.98124833562594
            ],
            [
              7.053143582226835,
              48.915418449851025
            ],
            [
              7.070789089239532,
              49.034971959163066
            ],
            [
              6.972595068693679,
              49.12924129890307
            ],
            [
              7.009668560636251,
              49.219436246319106
            ],
            [
              7.039196845041052,
              49.29685555801576
            ],
            [
              7.128951498058278,
              49.39208187046956
            ]
          ]
        ]
      }
    },
    {
      "type": "Feature",
      "properties": {
        "name": "Zone 123",
        "superficie": 4064,
        "population": 5205,
        "layer": "Layer 3",
        "color": "green",
        "opacity": 0.15
      },
      "geometry": {
        "type": "Polygon",
        "coordinates": [
          [
            [
              5.0394356102224425,
              48.72957843006102
            ],
            [
              5.167964991917997,
              48.73810497211313
            ],
            [
              5.172175212840366,
              48.715290198142206
            ],
            [
              5.2064734943921485,
              48.60367911630963
            ],
            [
              5.191226936845333,
              48.52865900264105
            ],
            [
              5.105874373690887,
              48.47331056940205
            ],
            [
              5.2126769640088755,
              48.41575004046272
            ],
            [
              5.083410777995958,
              48.36337547428594
            ],
            [
              4.976127255430636,
              48.33729693588611
            ],
            [
              4.9517096051105005,
              48.36862733650768
            ],
            [
              4.930772223248005,
              48.467706588539464
            ],
            [
              4.952520918163859,
              48.52890624185035
            ],
            [
              4.869871084402367,
              48.62476824938585
            ],
            [
              4.803612460114844,
              48.70855189870232
            ],
            [
              4.908965637197285,
              48.729758900312774
            ],
            [
              5.0394356102224425,
              48.72957843006102
            ]
          ]
        ]
      }
    },
    {
      "type": "Feature",
      "properties": {
        "name": "Zone 124",
        "superficie": 3279,
        "population": 3311,
        "layer": "Layer 4",
        "color": "yellow",
        "opacity": 0.15
      },
      "geometry": {
        "type": "Polygon",
        "coordinates": [
          [
            [
              5.984306583333977,
              50.948379203435046
            ],
            [
              6.02955886422024,
              50.94476164051697
            ],
            [
              6.075421905359647,
              50.902972283708486
            ],
            [
              6.260253989675194,
              50.84180813666024
            ],
            [
              6.204735013034088,
              50.782226551193205
            ],
            [
              6.071936434160768,
              50.70529543354008
            ],
            [
              6.043423153676556,
              50.65858503998133
            ],
            [
              6.040538053753769,
              50.598475813826106
            ],
            [
              5.984306583333977,
              50.57681086872032
            ],
            [
              5.94349035341323,
              50.565907429929275
            ],
            [
              5.936546240412182,
              50.663574853240235
            ],
            [
              5.806237095042278,
              50.6901081606646
            ],
            [
              5.81264047515153,
              50.782226551193205
            ],
            [
              5.719391672878004,
              50.84453445482856
            ],
            [
              5.861477505166523,
              50.90733019466368
            ],
            [
              5.869155612683843,
              50.953582139331075
            ],
            [
              5.984306583333977,
              50.948379203435046
            ]
          ]
        ]
      }
    },
    {
      "type": "Feature",
      "properties": {
        "name": "Zone 125",
        "superficie": 3887,
        "population": 367,
        "layer": "Layer 1",
        "color": "red",
        "opacity": 0.15
      },
      "geometry": {
        "type": "Polygon",
        "coordinates": [
          [
            [
              0.6292455263880221,
              46.87872365975426
            ],
            [
              0.7121282570444083,
              46.93872012009771
            ],
            [
              0.6832878460167936,
              46.87647426152922
            ],
            [
              0.7219082833227792,
              46.82343597985713
            ],
            [
              0.9086510940921682,
              46.74474399506153
            ],
            [
              0.7849538731415386,
              46.65652762680134
            ],
            [
              0.7970879650327904,
              46.58131561477767
            ],
            [
              0.6779192902646614,
              46.56782374015931
            ],
            [
              0.6561981252575766,
              46.56496178975373
            ],
            [
              0.6005440302035117,
              46.53100414671278
            ],
            [
              0.533636302656835,
              46.54891072023045
            ],
            [
              0.465573444349602,
              46.59013004479468
            ],
            [
              0.502407848016423,
              46.67491908126068
            ],
            [
              0.34400876456169277,
              46.73864896856086
            ],
            [
              0.4042552265922984,
              46.833527834851644
            ],
            [
              0.4250681679054201,
              46.8895228189472
            ],
            [
              0.5183129163777933,
              46.94965285966336
            ],
            [
              0.6292455263880221,
              46.87872365975426
            ]
          ]
        ]
      }
    },
    {
      "type": "Feature",
      "properties": {
        "name": "Zone 126",
        "superficie": 4503,
        "population": 5567,
        "layer": "Layer 2",
        "color": "blue",
        "opacity": 0.15
      },
      "geometry": {
        "type": "Polygon",
        "coordinates": [
          [
            [
              4.598789760762735,
              43.3619442731087
            ],
            [
              4.716070994856883,
              43.35447738878116
            ],
            [
              4.747990181013624,
              43.247449745821726
            ],
            [
              4.721002455107972,
              43.1823897902818
            ],
            [
              4.868501690451734,
              43.08884395641698
            ],
            [
              4.665914108755186,
              42.98200881885225
            ],
            [
              4.612315279143518,
              42.97315878194269
            ],
            [
              4.533348045021519,
              42.92530796257842
            ],
            [
              4.451103579299053,
              42.97825078370578
            ],
            [
              4.551797471688023,
              43.08500688703672
            ],
            [
              4.518196095624117,
              43.18681849940282
            ],
            [
              4.483550995126998,
              43.25887172645177
            ],
            [
              4.51075819644887,
              43.29579513678002
            ],
            [
              4.598789760762735,
              43.3619442731087
            ]
          ]
        ]
      }
    },
    {
      "type": "Feature",
      "properties": {
        "name": "Zone 127",
        "superficie": 4941,
        "population": 6983,
        "layer": "Layer 3",
        "color": "green",
        "opacity": 0.15
      },
      "geometry": {
        "type": "Polygon",
        "coordinates": [
          [
            [
              6.249486282308199,
              42.30479517529967
            ],
            [
              6.333157847754403,
              42.255288723622414
            ],
            [
              6.298866173901494,
              42.241594186662596
            ],
            [
              6.311420156237048,
              42.147565554341924
            ],
            [
              6.588047964019706,
              42.06122621423039
            ],
            [
              6.366715974349341,
              41.98746510944923
            ],
            [
              6.2768627118580556,
              41.93241841638722
            ],
            [
              6.249486282308199,
              41.93410033727122
            ],
            [
              6.133345080978282,
              41.89963745635187
            ],
            [
              6.145072355726909,
              42.00753979607574
            ],
            [
              6.020589028784679,
              42.06137909495973
            ],
            [
              6.039556669384866,
              42.16102001509985
            ],
            [
              5.993079690551391,
              42.21619763939597
            ],
            [
              6.225058117192432,
              42.24298798625351
            ],
            [
              6.249486282308199,
              42.30479517529967
            ]
          ]
        ]
      }
    },
    {
      "type": "Feature",
      "properties": {
        "name": "Zone 128",
        "superficie": 6102,
        "population": 1716,
        "layer": "Layer 4",
        "color": "yellow",
        "opacity": 0.15
      },
      "geometry": {
        "type": "Polygon",
        "coordinates": [
          [
            [
              -4.363698697277566,
              50.9698571366184
            ],
            [
              -4.289047123724679,
              50.92661412253062
            ],
            [
              -4.268267017536318,
              50.92560185395203
            ],
            [
              -4.124335865238617,
              50.9153161033488
            ],
            [
              -4.103434775306586,
              50.84104062836957
            ],
            [
              -4.1023438536873105,
              50.7681257921613
            ],
            [
              -4.062989815808994,
              50.687414497594276
            ],
            [
              -4.3149078835061605,
              50.63513361619942
            ],
            [
              -4.327145700596458,
              50.56673624312325
            ],
            [
              -4.339415237714875,
              50.58125439706436
            ],
            [
              -4.414998573255582,
              50.60038240019648
            ],
            [
              -4.442849280001211,
              50.60313102995155
            ],
            [
              -4.592481239854296,
              50.66371031649579
            ],
            [
              -4.465122319135405,
              50.718229721144745
            ],
            [
              -4.522753951776097,
              50.76264023722429
            ],
            [
              -4.486848752516684,
              50.82976036454246
            ],
            [
              -4.417321836532944,
              50.877619676181546
            ],
            [
              -4.47766607507223,
              50.922558356013695
            ],
            [
              -4.439536899197699,
              50.98637658373858
            ],
            [
              -4.363698697277566,
              50.9698571366184
            ]
          ]
        ]
      }
    },
    {
      "type": "Feature",
      "properties": {
        "name": "Zone 129",
        "superficie": 7059,
        "population": 9390,
        "layer": "Layer 1",
        "color": "red",
        "opacity": 0.15
      },
      "geometry": {
        "type": "Polygon",
        "coordinates": [
          [
            [
              -3.8134930252890964,
              50.64621483575401
            ],
            [
              -3.789770391058356,
              50.694049632613705
            ],
            [
              -3.7235718099337296,
              50.647856544298854
            ],
            [
              -3.7033613730794346,
              50.546706548394944
            ],
            [
              -3.549747420891707,
              50.462279806573505
            ],
            [
              -3.6539177315442832,
              50.3626770392602
            ],
            [
              -3.6623969087283728,
              50.35946937313354
            ],
            [
              -3.7427197762631494,
              50.303993254221986
            ],
            [
              -3.881469663431449,
              50.294895401342764
            ],
            [
              -3.957348009712889,
              50.31071881123603
            ],
            [
              -3.9287013267879543,
              50.39880099366281
            ],
            [
              -4.009193827409439,
              50.45731631411391
            ],
            [
              -4.021138732469853,
              50.53881173905303
            ],
            [
              -4.070741296510567,
              50.625028591834024
            ],
            [
              -3.9326844054312606,
              50.68187422100961
            ],
            [
              -3.8134930252890964,
              50.64621483575401
            ]
          ]
        ]
      }
    },
    {
      "type": "Feature",
      "properties": {
        "name": "Zone 130",
        "superficie": 3121,
        "population": 1942,
        "layer": "Layer 2",
        "color": "blue",
        "opacity": 0.15
      },
      "geometry": {
        "type": "Polygon",
        "coordinates": [
          [
            [
              -2.6182606976063725,
              44.51887618474603
            ],
            [
              -2.5979954743242364,
              44.49856632488427
            ],
            [
              -2.5748329451885392,
              44.47029635919704
            ],
            [
              -2.371443416059726,
              44.41058219680754
            ],
            [
              -2.3860968524731407,
              44.36252331676307
            ],
            [
              -2.463525273075524,
              44.287960075296674
            ],
            [
              -2.4493472125136866,
              44.22670108767166
            ],
            [
              -2.5149410246000454,
              44.157229182227006
            ],
            [
              -2.4813464538126744,
              44.132512719090805
            ],
            [
              -2.577381458319085,
              44.135240778971905
            ],
            [
              -2.6718621936188773,
              44.063424820853996
            ],
            [
              -2.750222359273539,
              44.165721234208426
            ],
            [
              -2.865789893163952,
              44.17867193807363
            ],
            [
              -2.867081544434873,
              44.22108755449881
            ],
            [
              -2.6968553414150316,
              44.29111300426985
            ],
            [
              -2.6948986421428267,
              44.34818275174163
            ],
            [
              -2.6728047434544973,
              44.39111939420262
            ],
            [
              -2.730647520343186,
              44.43218983732284
            ],
            [
              -2.69200780885655,
              44.4735410217985
            ],
            [
              -2.6182606976063725,
              44.51887618474603
            ]
          ]
        ]
      }
    },
    {
      "type": "Feature",
      "properties": {
        "name": "Zone 131",
        "superficie": 4660,
        "population": 6721,
        "layer": "Layer 3",
        "color": "green",
        "opacity": 0.15
      },
      "geometry": {
        "type": "Polygon",
        "coordinates": [
          [
            [
              7.8930026914696985,
              49.247916568478956
            ],
            [
              7.9545767035299795,
              49.20688252169025
            ],
            [
              8.130419567786562,
              49.14589747791098
            ],
            [
              7.99008972238629,
              49.10693518822506
            ],
            [
              8.196552503673967,
              49.012280540804674
            ],
            [
              8.151281062757429,
              48.93389165774586
            ],
            [
              8.015011349449766,
              48.84398632797971
            ],
            [
              7.906400763661688,
              48.84743518633824
            ],
            [
              7.87797419115671,
              48.792403448516964
            ],
            [
              7.769998713150003,
              48.844768200325156
            ],
            [
              7.696145842801965,
              48.94815774795284
            ],
            [
              7.811272821217145,
              49.010056465099204
            ],
            [
              7.746075064910946,
              49.10557927157039
            ],
            [
              7.6599094942095665,
              49.14396796743058
            ],
            [
              7.7710400950682805,
              49.192222924738466
            ],
            [
              7.8930026914696985,
              49.247916568478956
            ]
          ]
        ]
      }
    },
    {
      "type": "Feature",
      "properties": {
        "name": "Zone 132",
        "superficie": 6127,
        "population": 2151,
        "layer": "Layer 4",
        "color": "yellow",
        "opacity": 0.15
      },
      "geometry": {
        "type": "Polygon",
        "coordinates": [
          [
            [
              -3.246713816234891,
              43.60510985739155
            ],
            [
              -3.1239943931874232,
              43.61187052751956
            ],
            [
              -3.205268487827274,
              43.560921278928625
            ],
            [
              -3.157346563540632,
              43.46623476443001
            ],
            [
              -3.1659785466093298,
              43.35579786428631
            ],
            [
              -3.025954687253027,
              43.301165602106124
            ],
            [
              -3.181316585625953,
              43.23521542584036
            ],
            [
              -3.246713816234891,
              43.21088738829529
            ],
            [
              -3.3397345677099866,
              43.27203161448369
            ],
            [
              -3.344614394723852,
              43.28290224799488
            ],
            [
              -3.5519065989101453,
              43.37677673757078
            ],
            [
              -3.582494693995527,
              43.45035127562665
            ],
            [
              -3.438072507662689,
              43.55593349047758
            ],
            [
              -3.274726690671512,
              43.580636300498334
            ],
            [
              -3.246713816234891,
              43.60510985739155
            ]
          ]
        ]
      }
    },
    {
      "type": "Feature",
      "properties": {
        "name": "Zone 133",
        "superficie": 4344,
        "population": 4864,
        "layer": "Layer 1",
        "color": "red",
        "opacity": 0.15
      },
      "geometry": {
        "type": "Polygon",
        "coordinates": [
          [
            [
              -0.5419081621192312,
              48.35248230935715
            ],
            [
              -0.4136639635935757,
              48.34111565026143
            ],
            [
              -0.3009204975049159,
              48.313689210154855
            ],
            [
              -0.27448946206067354,
              48.2252246713741
            ],
            [
              -0.3084627154167259,
              48.15033078545446
            ],
            [
              -0.3912136590718093,
              48.08361129778652
            ],
            [
              -0.49817807423291616,
              47.99677112891324
            ],
            [
              -0.5419081621192312,
              47.96064710755664
            ],
            [
              -0.6664803355121852,
              47.986159541439285
            ],
            [
              -0.6676599027796475,
              48.04990463397009
            ],
            [
              -0.7772845562680974,
              48.139691305441325
            ],
            [
              -0.7150879042809907,
              48.22616494769912
            ],
            [
              -0.794750940261298,
              48.301164262602725
            ],
            [
              -0.678578222969639,
              48.40101324155793
            ],
            [
              -0.5419081621192312,
              48.35248230935715
            ]
          ]
        ]
      }
    },
    {
      "type": "Feature",
      "properties": {
        "name": "Zone 134",
        "superficie": 5342,
        "population": 8830,
        "layer": "Layer 2",
        "color": "blue",
        "opacity": 0.15
      },
      "geometry": {
        "type": "Polygon",
        "coordinates": [
          [
            [
              -1.3948603795420391,
              42.658323634415396
            ],
            [
              -1.2936788053352224,
              42.665778777719765
            ],
            [
              -1.2592189241355223,
              42.64556126321502
            ],
            [
              -1.153964772398593,
              42.54432402676297
            ],
            [
              -1.1154679803835867,
              42.45399753135292
            ],
            [
              -1.2871947615386041,
              42.38523707830834
            ],
            [
              -1.287616673059957,
              42.29560909225235
            ],
            [
              -1.3948603795420391,
              42.32174855059874
            ],
            [
              -1.4911003288645315,
              42.286202821923496
            ],
            [
              -1.5249090517311712,
              42.3791148169011
            ],
            [
              -1.461110764755824,
              42.45975563939063
            ],
            [
              -1.4904617871866153,
              42.553747063847155
            ],
            [
              -1.618620199089478,
              42.59839064792374
            ],
            [
              -1.541593748708813,
              42.70637153258766
            ],
            [
              -1.3948603795420391,
              42.658323634415396
            ]
          ]
        ]
      }
    },
    {
      "type": "Feature",
      "properties": {
        "name": "Zone 135",
        "superficie": 6745,
        "population": 9760,
        "layer": "Layer 3",
        "color": "green",
        "opacity": 0.15
      },
      "geometry": {
        "type": "Polygon",
        "coordinates": [
          [
            [
              1.834812931545466,
              42.35072895576044
            ],
            [
              1.893985863352857,
              42.36765696724866
            ],
            [
              1.9506586573747553,
              42.247849847100014
            ],
            [
              1.9385920212045789,
              42.133457747416564
            ],
            [
              1.9671462387326784,
              42.04687048489857
            ],
            [
              1.8524770653448415,
              41.971422825646684
            ],
            [
              1.7913820938012108,
              41.94181332805923
            ],
            [
              1.6708702045730284,
              42.0621364547475
            ],
            [
              1.6673763710464427,
              42.13525725433907
            ],
            [
              1.5466079373845314,
              42.26422633834846
            ],
            [
              1.7869910797519504,
              42.28752223652125
            ],
            [
              1.834812931545466,
              42.35072895576044
            ]
          ]
        ]
      }
    },
    {
      "type": "Feature",
      "properties": {
        "name": "Zone 136",
        "superficie": 6186,
        "population": 4184,
        "layer": "Layer 4",
        "color": "yellow",
        "opacity": 0.15
      },
      "geometry": {
        "type": "Polygon",
        "coordinates": [
          [
            [
              1.167943538853689,
              43.03555623671171
            ],
            [
              1.3100530054196649,
              43.05246688837573
            ],
            [
              1.3425215703434217,
              42.956059307458666
            ],
            [
              1.296965513173025,
              42.89378436318263
            ],
            [
              1.3912915863515076,
              42.805171594661836
            ],
            [
              1.4579139618833943,
              42.715371026797065
            ],
            [
              1.3068267717802728,
              42.657341359110866
            ],
            [
              1.2056420877638412,
              42.634891365121334
            ],
            [
              1.138068581341176,
              42.58927084732068
            ],
            [
              0.9993598237621727,
              42.67683818260694
            ],
            [
              0.9881785086742186,
              42.741253074543664
            ],
            [
              0.9533184185796958,
              42.801887965920464
            ],
            [
              0.8720315995905834,
              42.896021874404596
            ],
            [
              1.065471305554676,
              42.92867572225286
            ],
            [
              1.039846055967746,
              43.050183587464645
            ],
            [
              1.167943538853689,
              43.03555623671171
            ]
          ]
        ]
      }
    },
    {
      "type": "Feature",
      "properties": {
        "name": "Zone 137",
        "superficie": 3342,
        "population": 7876,
        "layer": "Layer 1",
        "color": "red",
        "opacity": 0.15
      },
      "geometry": {
        "type": "Polygon",
        "coordinates": [
          [
            [
              -2.6308984638948374,
              49.80498344309
            ],
            [
              -2.5071034504824716,
              49.782855753309924
            ],
            [
              -2.5174848262206977,
              49.705229839985165
            ],
            [
              -2.461743038446347,
              49.66217587979424
            ],
            [
              -2.3899553124121042,
              49.578878547698686
            ],
            [
              -2.402453378719504,
              49.49558093504926
            ],
            [
              -2.4962634891585997,
              49.42978201217709
            ],
            [
              -2.588692400037642,
              49.41819664239626
            ],
            [
              -2.6308984638948374,
              49.36490333128592
            ],
            [
              -2.7278087134971396,
              49.390395039675965
            ],
            [
              -2.8506872932925496,
              49.43625997807581
            ],
            [
              -2.9150808818605713,
              49.50917705062686
            ],
            [
              -2.7566013022700537,
              49.578878547698686
            ],
            [
              -2.824780680489162,
              49.666518079347114
            ],
            [
              -2.8692431418293074,
              49.72910819597696
            ],
            [
              -2.658007400279803,
              49.73381890561093
            ],
            [
              -2.6308984638948374,
              49.80498344309
            ]
          ]
        ]
      }
    },
    {
      "type": "Feature",
      "properties": {
        "name": "Zone 138",
        "superficie": 6248,
        "population": 9633,
        "layer": "Layer 2",
        "color": "blue",
        "opacity": 0.15
      },
      "geometry": {
        "type": "Polygon",
        "coordinates": [
          [
            [
              2.748857713095152,
              45.618806226617444
            ],
            [
              2.806785693435193,
              45.64627614661925
            ],
            [
              2.797571072460553,
              45.53380138063121
            ],
            [
              2.9417693513551475,
              45.49470725085985
            ],
            [
              3.064223647055007,
              45.40228767915178
            ],
            [
              2.818686775431263,
              45.31431263430846
            ],
            [
              2.8335332520868124,
              45.242194272275654
            ],
            [
              2.7878654931424913,
              45.219348727798625
            ],
            [
              2.6804127295977334,
              45.267364433270856
            ],
            [
              2.6275636978200456,
              45.276062837546625
            ],
            [
              2.664428484644362,
              45.337071971727504
            ],
            [
              2.5256412069454077,
              45.409618233779725
            ],
            [
              2.6360511001937756,
              45.500809724060545
            ],
            [
              2.5602212078353257,
              45.5666642314589
            ],
            [
              2.619905836877455,
              45.64608161096935
            ],
            [
              2.748857713095152,
              45.618806226617444
            ]
          ]
        ]
      }
    },
    {
      "type": "Feature",
      "properties": {
        "name": "Zone 139",
        "superficie": 4430,
        "population": 8106,
        "layer": "Layer 3",
        "color": "green",
        "opacity": 0.15
      },
      "geometry": {
        "type": "Polygon",
        "coordinates": [
          [
            [
              1.2451555964240377,
              44.32393431668857
            ],
            [
              1.3876783266324009,
              44.31466867344541
            ],
            [
              1.5205398827257137,
              44.239485034659054
            ],
            [
              1.3935754034246903,
              44.133934386580336
            ],
            [
              1.4117650560949866,
              44.049402582307835
            ],
            [
              1.280623287746561,
              43.98238370878109
            ],
            [
              1.2302616744961865,
              43.964964101801925
            ],
            [
              1.0749403312562202,
              44.0009104814803
            ],
            [
              1.0110194266820782,
              44.13627171834064
            ],
            [
              1.1128173158105434,
              44.2473567301788
            ],
            [
              1.0939768848786933,
              44.320559743540244
            ],
            [
              1.2451555964240377,
              44.32393431668857
            ]
          ]
        ]
      }
    },
    {
      "type": "Feature",
      "properties": {
        "name": "Zone 140",
        "superficie": 3818,
        "population": 8652,
        "layer": "Layer 4",
        "color": "yellow",
        "opacity": 0.15
      },
      "geometry": {
        "type": "Polygon",
        "coordinates": [
          [
            [
              0.8395947300908642,
              44.670674845424564
            ],
            [
              0.8977591831336179,
              44.660594036388055
            ],
            [
              0.9449916303196977,
              44.59247874905522
            ],
            [
              0.9460325023524246,
              44.51901463175344
            ],
            [
              1.1240680613669587,
              44.44480411166672
            ],
            [
              0.9547898333705757,
              44.36602754788262
            ],
            [
              0.9024176345927393,
              44.29104375258961
            ],
            [
              0.8593353023105761,
              44.28516220894838
            ],
            [
              0.771121650501871,
              44.25275500779285
            ],
            [
              0.7274115702570954,
              44.32233729071752
            ],
            [
              0.5797911871681429,
              44.377429512162536
            ],
            [
              0.5114801484651871,
              44.45124126564307
            ],
            [
              0.5697009708244765,
              44.53617171084781
            ],
            [
              0.7189898832771312,
              44.58147791881483
            ],
            [
              0.7165085894608578,
              44.68215782966478
            ],
            [
              0.8395947300908642,
              44.670674845424564
            ]
          ]
        ]
      }
    },
    {
      "type": "Feature",
      "properties": {
        "name": "Zone 141",
        "superficie": 5101,
        "population": 9572,
        "layer": "Layer 1",
        "color": "red",
        "opacity": 0.15
      },
      "geometry": {
        "type": "Polygon",
        "coordinates": [
          [
            [
              -4.781176765447441,
              45.79817949585934
            ],
            [
              -4.685863846007534,
              45.8083913147163
            ],
            [
              -4.729889504118197,
              45.809057770015535
            ],
            [
              -4.5752037772370695,
              45.73205962980211
            ],
            [
              -4.461789339636692,
              45.66530748609667
            ],
            [
              -4.508397260057878,
              45.60413811602251
            ],
            [
              -4.663272532847251,
              45.5340954947292
            ],
            [
              -4.657604656890076,
              45.51514789771073
            ],
            [
              -4.6470662634496005,
              45.475388552750445
            ],
            [
              -4.7447804825380535,
              45.445945709050385
            ],
            [
              -4.7931823178350665,
              45.38938535629047
            ],
            [
              -4.84213027790587,
              45.40326653831682
            ],
            [
              -4.910838789809365,
              45.502218077592346
            ],
            [
              -4.899847859241352,
              45.549003225378925
            ],
            [
              -5.058155108918824,
              45.610167365913625
            ],
            [
              -4.9909140760876385,
              45.676518929080565
            ],
            [
              -4.9516472866281385,
              45.74371580661139
            ],
            [
              -4.935459483338817,
              45.765701561115684
            ],
            [
              -4.801751584752609,
              45.8246322362781
            ],
            [
              -4.781176765447441,
              45.79817949585934
            ]
          ]
        ]
      }
    },
    {
      "type": "Feature",
      "properties": {
        "name": "Zone 142",
        "superficie": 3400,
        "population": 5894,
        "layer": "Layer 2",
        "color": "blue",
        "opacity": 0.15
      },
      "geometry": {
        "type": "Polygon",
        "coordinates": [
          [
            [
              -3.6162197556700706,
              50.846004990211135
            ],
            [
              -3.5742800477131698,
              50.88313356675096
            ],
            [
              -3.4491505721520324,
              50.82659251123986
            ],
            [
              -3.4024166925252293,
              50.75556705961425
            ],
            [
              -3.459435834221809,
              50.66483788454488
            ],
            [
              -3.3749052699960016,
              50.588748259866755
            ],
            [
              -3.515320501786354,
              50.537195188413584
            ],
            [
              -3.604831642114742,
              50.5333440978302
            ],
            [
              -3.677232537313048,
              50.470674857228126
            ],
            [
              -3.771659465668496,
              50.51988843699973
            ],
            [
              -3.8355870065240527,
              50.6008229198258
            ],
            [
              -3.7720763347422928,
              50.65809391203646
            ],
            [
              -3.8150717967382604,
              50.7479536790875
            ],
            [
              -3.810147386962569,
              50.79992438659734
            ],
            [
              -3.745600743543787,
              50.835801357409125
            ],
            [
              -3.6162197556700706,
              50.846004990211135
            ]
          ]
        ]
      }
    },
    {
      "type": "Feature",
      "properties": {
        "name": "Zone 143",
        "superficie": 5433,
        "population": 7667,
        "layer": "Layer 3",
        "color": "green",
        "opacity": 0.15
      },
      "geometry": {
        "type": "Polygon",
        "coordinates": [
          [
            [
              -0.13313422741184056,
              44.667741882509645
            ],
            [
              -0.039063730738096505,
              44.72672619120745
            ],
            [
              0.0879697910993375,
              44.64627576126136
            ],
            [
              -0.05078660014823276,
              44.597592976711134
            ],
            [
              0.17058981051980548,
              44.530571643285796
            ],
            [
              -0.06370457450228788,
              44.4574674746825
            ],
            [
              0.1358386145058389,
              44.41373260769895
            ],
            [
              0.07625234620884824,
              44.37767121450895
            ],
            [
              -0.0377840810160263,
              44.30405302617437
            ],
            [
              -0.13313422741184053,
              44.305579002093374
            ],
            [
              -0.2252343463505867,
              44.26831582960766
            ],
            [
              -0.33561797029338825,
              44.341973274139065
            ],
            [
              -0.4228154826851863,
              44.3905085711125
            ],
            [
              -0.2714651547951955,
              44.4642227293827
            ],
            [
              -0.4446679468237134,
              44.54105754906813
            ],
            [
              -0.20926846402268096,
              44.62081047026777
            ],
            [
              -0.2785694314778231,
              44.68938377053677
            ],
            [
              -0.16191370889182438,
              44.733542904997066
            ],
            [
              -0.13313422741184056,
              44.667741882509645
            ]
          ]
        ]
      }
    },
    {
      "type": "Feature",
      "properties": {
        "name": "Zone 144",
        "superficie": 7750,
        "population": 274,
        "layer": "Layer 4",
        "color": "yellow",
        "opacity": 0.15
      },
      "geometry": {
        "type": "Polygon",
        "coordinates": [
          [
            [
              -3.7129482253468833,
              46.734351564428614
            ],
            [
              -3.6551949112015,
              46.714576473832885
            ],
            [
              -3.5867999026948354,
              46.6690557162528
            ],
            [
              -3.6634517995635485,
              46.58315936637024
            ],
            [
              -3.626865695247459,
              46.49840099125961
            ],
            [
              -3.486612772931561,
              46.435837546661936
            ],
            [
              -3.4912746656363387,
              46.35822030568193
            ],
            [
              -3.6646579772577663,
              46.303850087920125
            ],
            [
              -3.7129482253468833,
              46.324363996972856
            ],
            [
              -3.8318867141875135,
              46.299009161768815
            ],
            [
              -3.827553012668137,
              46.35988923840665
            ],
            [
              -3.78136240248717,
              46.40502421391215
            ],
            [
              -3.7925059537092487,
              46.49840099125961
            ],
            [
              -3.9802584512530648,
              46.56751374926361
            ],
            [
              -3.928829492247919,
              46.60784109638161
            ],
            [
              -3.764134253528674,
              46.6612019544052
            ],
            [
              -3.7129482253468833,
              46.734351564428614
            ]
          ]
        ]
      }
    },
    {
      "type": "Feature",
      "properties": {
        "name": "Zone 145",
        "superficie": 7561,
        "population": 9983,
        "layer": "Layer 1",
        "color": "red",
        "opacity": 0.15
      },
      "geometry": {
        "type": "Polygon",
        "coordinates": [
          [
            [
              7.269864093330231,
              42.24313817250535
            ],
            [
              7.361008954444101,
              42.235836656121315
            ],
            [
              7.431648250169649,
              42.1937861090113
            ],
            [
              7.353402147732985,
              42.11750193837976
            ],
            [
              7.603311426336214,
              42.030968370637474
            ],
            [
              7.379005761743358,
              41.95647373334632
            ],
            [
              7.455744499596155,
              41.92889482144243
            ],
            [
              7.283600529575395,
              41.81293570881506
            ],
            [
              7.206390351157203,
              41.88322321369859
            ],
            [
              7.154016690893345,
              41.91706068596613
            ],
            [
              7.009634518513102,
              41.974989671519864
            ],
            [
              6.975657558474523,
              42.037154643608396
            ],
            [
              7.031712938195673,
              42.1184126394356
            ],
            [
              7.161908901543434,
              42.206667436830436
            ],
            [
              7.19231915779812,
              42.26505690434551
            ],
            [
              7.269864093330231,
              42.24313817250535
            ]
          ]
        ]
      }
    },
    {
      "type": "Feature",
      "properties": {
        "name": "Zone 146",
        "superficie": 7533,
        "population": 7658,
        "layer": "Layer 2",
        "color": "blue",
        "opacity": 0.15
      },
      "geometry": {
        "type": "Polygon",
        "coordinates": [
          [
            [
              -1.9967592639249165,
              44.34191578351857
            ],
            [
              -1.971946077154968,
              44.338070772731136
            ],
            [
              -1.7740250681829757,
              44.29177384841501
            ],
            [
              -1.9229653948862013,
              44.20221956386699
            ],
            [
              -1.8058657382744243,
              44.13416930388488
            ],
            [
              -1.779109843450903,
              44.05206373006202
            ],
            [
              -1.7718105490858964,
              44.00406076669629
            ],
            [
              -1.863411135084215,
              43.98692477000951
            ],
            [
              -1.939639998157992,
              43.905893115651025
            ],
            [
              -2.059070372450594,
              43.90188285137556
            ],
            [
              -2.1119204561951372,
              43.95219793958898
            ],
            [
              -2.064464126561309,
              44.01607223283862
            ],
            [
              -2.2336388521646415,
              44.065483441898685
            ],
            [
              -2.1367260538372674,
              44.1359925764797
            ],
            [
              -2.209950789098542,
              44.198337785524544
            ],
            [
              -2.0648616366839763,
              44.27171521971478
            ],
            [
              -2.1083300163123107,
              44.29531694062602
            ],
            [
              -1.9967592639249165,
              44.34191578351857
            ]
          ]
        ]
      }
    },
    {
      "type": "Feature",
      "properties": {
        "name": "Zone 147",
        "superficie": 7311,
        "population": 8379,
        "layer": "Layer 3",
        "color": "green",
        "opacity": 0.15
      },
      "geometry": {
        "type": "Polygon",
        "coordinates": [
          [
            [
              -2.325018325799399,
              49.262504432720526
            ],
            [
              -2.237355116095258,
              49.19406174127616
            ],
            [
              -2.1197389005237657,
              49.145762802442306
            ],
            [
              -2.060517598186788,
              49.05975919691449
            ],
            [
              -2.0594323534964993,
              48.96138557237746
            ],
            [
              -2.2297777294465053,
              48.923922550493565
            ],
            [
              -2.325018325799399,
              48.834517136062196
            ],
            [
              -2.3968472604908486,
              48.855612910619605
            ],
            [
              -2.390713572768242,
              48.952981615718336
            ],
            [
              -2.6422282603342624,
              49.05975919691449
            ],
            [
              -2.5073492202214873,
              49.14938464218207
            ],
            [
              -2.4837199569142716,
              49.25513456710136
            ],
            [
              -2.325018325799399,
              49.262504432720526
            ]
          ]
        ]
      }
    },
    {
      "type": "Feature",
      "properties": {
        "name": "Zone 148",
        "superficie": 5958,
        "population": 6910,
        "layer": "Layer 4",
        "color": "yellow",
        "opacity": 0.15
      },
      "geometry": {
        "type": "Polygon",
        "coordinates": [
          [
            [
              2.729244631947708,
              48.199308273525915
            ],
            [
              2.806180496460085,
              48.174080922194776
            ],
            [
              2.9514982856209495,
              48.18748342600783
            ],
            [
              2.9779647816959516,
              48.12771814244365
            ],
            [
              2.88809185757375,
              48.047920619449904
            ],
            [
              3.0005853560985383,
              47.983647903078406
            ],
            [
              2.806271490073283,
              47.8955251272371
            ],
            [
              2.808165370917399,
              47.84120012310859
            ],
            [
              2.8363348840287217,
              47.81846075057096
            ],
            [
              2.729244631947708,
              47.80520617350862
            ],
            [
              2.610041148843219,
              47.783778325541284
            ],
            [
              2.6956802541119913,
              47.84363707835786
            ],
            [
              2.5764724361368945,
              47.93505631109248
            ],
            [
              2.4738715958352384,
              47.97205869488091
            ],
            [
              2.4728186084298147,
              48.04441750544983
            ],
            [
              2.4551767970891887,
              48.133990569144075
            ],
            [
              2.631893927638243,
              48.15483331901972
            ],
            [
              2.701736725973848,
              48.17634386735627
            ],
            [
              2.729244631947708,
              48.199308273525915
            ]
          ]
        ]
      }
    },
    {
      "type": "Feature",
      "properties": {
        "name": "Zone 149",
        "superficie": 3962,
        "population": 2994,
        "layer": "Layer 1",
        "color": "red",
        "opacity": 0.15
      },
      "geometry": {
        "type": "Polygon",
        "coordinates": [
          [
            [
              2.176449479435383,
              45.92676471732798
            ],
            [
              2.250511450365148,
              45.90946718090882
            ],
            [
              2.3870913651882972,
              45.88058688335682
            ],
            [
              2.4398718171911358,
              45.85122544677674
            ],
            [
              2.5083934936861985,
              45.778911076371834
            ],
            [
              2.3691603240528085,
              45.70848092207103
            ],
            [
              2.4334412706008255,
              45.639689040660144
            ],
            [
              2.2688450854257796,
              45.58592720881728
            ],
            [
              2.234163387288018,
              45.57322940330549
            ],
            [
              2.212273249257174,
              45.48129206883971
            ],
            [
              2.145655355116989,
              45.572088721181764
            ],
            [
              2.1389068326474128,
              45.55959200911602
            ],
            [
              2.104227867906939,
              45.60462163528737
            ],
            [
              1.9311558545726928,
              45.63242082843753
            ],
            [
              1.8313817381271753,
              45.707638608441975
            ],
            [
              2.069907045302361,
              45.78092782351756
            ],
            [
              2.0091119422190262,
              45.82579224099372
            ],
            [
              2.062648727070764,
              45.86665275450295
            ],
            [
              2.1489971933721375,
              45.91134316153277
            ],
            [
              2.176449479435383,
              45.92676471732798
            ]
          ]
        ]
      }
    },
    {
      "type": "Feature",
      "properties": {
        "name": "Zone 150",
        "superficie": 4809,
        "population": 8278,
        "layer": "Layer 2",
        "color": "blue",
        "opacity": 0.15
      },
      "geometry": {
        "type": "Polygon",
        "coordinates": [
          [
            [
              5.959277040857923,
              50.24114234774545
            ],
            [
              6.034013565368485,
              50.25285122865229
            ],
            [
              6.112836924346642,
              50.237623463941325
            ],
            [
              6.209908093207013,
              50.14676110760665
            ],
            [
              6.115999121101993,
              50.08682326823395
            ],
            [
              6.192806596009059,
              50.02567501105748
            ],
            [
              6.044463172914078,
              49.94278152451021
            ],
            [
              6.0821860004383055,
              49.88193209341913
            ],
            [
              5.97466618683184,
              49.92293051298684
            ],
            [
              5.902282485018254,
              49.88576800977293
            ],
            [
              5.8253527016443325,
              49.94173963965306
            ],
            [
              5.786289277362284,
              49.98051205245327
            ],
            [
              5.802674651687495,
              50.019386720390976
            ],
            [
              5.614433306549497,
              50.086954061434476
            ],
            [
              5.699294473631712,
              50.14650111552329
            ],
            [
              5.85682661021843,
              50.24399507196478
            ],
            [
              5.891896978325393,
              50.24243114190817
            ],
            [
              5.959277040857923,
              50.24114234774545
            ]
          ]
        ]
      }
    },
    {
      "type": "Feature",
      "properties": {
        "name": "Zone 151",
        "superficie": 5456,
        "population": 2835,
        "layer": "Layer 3",
        "color": "green",
        "opacity": 0.15
      },
      "geometry": {
        "type": "Polygon",
        "coordinates": [
          [
            [
              -0.839050869884999,
              42.353099970477295
            ],
            [
              -0.7541064039171578,
              42.30372276140852
            ],
            [
              -0.6499791092045692,
              42.25631149076947
            ],
            [
              -0.6431106457370728,
              42.21511115752836
            ],
            [
              -0.6276245020933724,
              42.14673875671445
            ],
            [
              -0.7291911756272584,
              42.08064648673167
            ],
            [
              -0.7646517580187674,
              41.980242838878475
            ],
            [
              -0.6965368883830858,
              41.942001794128394
            ],
            [
              -0.8033592041897561,
              41.976739195457185
            ],
            [
              -0.8570636193974251,
              41.95558888585524
            ],
            [
              -0.880055708387094,
              41.98983029019318
            ],
            [
              -1.0631784015270038,
              42.00455097265862
            ],
            [
              -1.067180861990294,
              42.07612610124407
            ],
            [
              -1.154239234526747,
              42.14274649276111
            ],
            [
              -0.8845766140669423,
              42.22164218930031
            ],
            [
              -1.0473521218820023,
              42.27922994284874
            ],
            [
              -0.8921417873559564,
              42.267954422582555
            ],
            [
              -0.839050869884999,
              42.353099970477295
            ]
          ]
        ]
      }
    },
    {
      "type": "Feature",
      "properties": {
        "name": "Zone 152",
        "superficie": 3089,
        "population": 5146,
        "layer": "Layer 4",
        "color": "yellow",
        "opacity": 0.15
      },
      "geometry": {
        "type": "Polygon",
        "coordinates": [
          [
            [
              5.307745251660965,
              48.698934638164594
            ],
            [
              5.369514940267009,
              48.679498407470774
            ],
            [
              5.35557851539262,
              48.577071760389764
            ],
            [
              5.423251740132865,
              48.53037135374084
            ],
            [
              5.39077366182153,
              48.490932112160934
            ],
            [
              5.48773347645183,
              48.41556326483849
            ],
            [
              5.40424072163879,
              48.350420750356406
            ],
            [
              5.348604133197854,
              48.301733099498534
            ],
            [
              5.3701733888729954,
              48.272159218993025
            ],
            [
              5.307745251660965,
              48.243450563596376
            ],
            [
              5.2772549932713,
              48.24415612763634
            ],
            [
              5.158619189394603,
              48.28497443739663
            ],
            [
              5.0904306632212,
              48.336496725572104
            ],
            [
              5.001887577169746,
              48.426073406261956
            ],
            [
              5.090241405096867,
              48.49707243375298
            ],
            [
              5.177660829135625,
              48.548237550609876
            ],
            [
              5.102869708541682,
              48.58344547495541
            ],
            [
              5.248416982936297,
              48.62146487188205
            ],
            [
              5.307745251660965,
              48.698934638164594
            ]
          ]
        ]
      }
    },
    {
      "type": "Feature",
      "properties": {
        "name": "Zone 153",
        "superficie": 5673,
        "population": 1864,
        "layer": "Layer 1",
        "color": "red",
        "opacity": 0.15
      },
      "geometry": {
        "type": "Polygon",
        "coordinates": [
          [
            [
              7.899309303974038,
              44.23692083216357
            ],
            [
              8.013625192130263,
              44.20331199231469
            ],
            [
              8.142328799797149,
              44.12843635267064
            ],
            [
              8.229276804291352,
              44.02031202792017
            ],
            [
              8.053179711475705,
              43.91313094785374
            ],
            [
              8.128170201409597,
              43.81467396545807
            ],
            [
              7.982152817521748,
              43.78239923568379
            ],
            [
              7.839674465944504,
              43.844168320711795
            ],
            [
              7.769250633182723,
              43.82604288185714
            ],
            [
              7.754616667798163,
              43.91091887703034
            ],
            [
              7.637825319278524,
              44.01419077395454
            ],
            [
              7.857793685660945,
              44.07912258548554
            ],
            [
              7.8435060045924825,
              44.17846953978159
            ],
            [
              7.899309303974038,
              44.23692083216357
            ]
          ]
        ]
      }
    },
    {
      "type": "Feature",
      "properties": {
        "name": "Zone 154",
        "superficie": 4468,
        "population": 8975,
        "layer": "Layer 2",
        "color": "blue",
        "opacity": 0.15
      },
      "geometry": {
        "type": "Polygon",
        "coordinates": [
          [
            [
              -0.8695748235332292,
              45.79949879429644
            ],
            [
              -0.8213376952792976,
              45.79198116080615
            ],
            [
              -0.6535817599682165,
              45.75667689024916
            ],
            [
              -0.6793537346176811,
              45.71847311473286
            ],
            [
              -0.6250413539444952,
              45.63968323893015
            ],
            [
              -0.6490437721654294,
              45.55707474765502
            ],
            [
              -0.6809169567939596,
              45.511573965773024
            ],
            [
              -0.7180651642446912,
              45.408511492278734
            ],
            [
              -0.8282632561532892,
              45.39512555370373
            ],
            [
              -0.8695748235332292,
              45.40474221505477
            ],
            [
              -0.9206840594405497,
              45.42450913959315
            ],
            [
              -1.0431749442833471,
              45.46632594233241
            ],
            [
              -1.0913486438184952,
              45.49312758634982
            ],
            [
              -0.9888507839319266,
              45.56341865370998
            ],
            [
              -1.0338798185479285,
              45.62578748425937
            ],
            [
              -1.1429927652548124,
              45.68252212506551
            ],
            [
              -1.010551691015789,
              45.73117242949572
            ],
            [
              -0.894293260221332,
              45.743690889458016
            ],
            [
              -0.8695748235332292,
              45.79949879429644
            ]
          ]
        ]
      }
    },
    {
      "type": "Feature",
      "properties": {
        "name": "Zone 155",
        "superficie": 3053,
        "population": 5011,
        "layer": "Layer 3",
        "color": "green",
        "opacity": 0.15
      },
      "geometry": {
        "type": "Polygon",
        "coordinates": [
          [
            [
              -3.8219678500313816,
              48.42489961912663
            ],
            [
              -3.6981274241836934,
              48.450115759011744
            ],
            [
              -3.657330748800489,
              48.359055821664
            ],
            [
              -3.6295326220275514,
              48.25069463668872
            ],
            [
              -3.6953208933964996,
              48.137953800226356
            ],
            [
              -3.6825821263308205,
              48.05605175955
            ],
            [
              -3.8219678500313816,
              48.080118526871644
            ],
            [
              -3.8485261159773314,
              48.03988873309378
            ],
            [
              -3.9543663534132047,
              48.13168810216871
            ],
            [
              -4.103430738138788,
              48.25069463668872
            ],
            [
              -3.970010040589353,
              48.34200252644581
            ],
            [
              -3.8764061673048453,
              48.38560792377661
            ],
            [
              -3.8219678500313816,
              48.42489961912663
            ]
          ]
        ]
      }
    },
    {
      "type": "Feature",
      "properties": {
        "name": "Zone 156",
        "superficie": 3378,
        "population": 1522,
        "layer": "Layer 4",
        "color": "yellow",
        "opacity": 0.15
      },
      "geometry": {
        "type": "Polygon",
        "coordinates": [
          [
            [
              -2.7107162078367066,
              44.79171727401995
            ],
            [
              -2.676140335049193,
              44.7604894976751
            ],
            [
              -2.4608829369093095,
              44.73532637511457
            ],
            [
              -2.648920192517276,
              44.6089914579293
            ],
            [
              -2.589535633347795,
              44.50915229715791
            ],
            [
              -2.628189037568629,
              44.42430275669351
            ],
            [
              -2.7528379005103267,
              44.47173693696589
            ],
            [
              -2.7776642445987387,
              44.528104113942376
            ],
            [
              -3.011778854657429,
              44.60788497385584
            ],
            [
              -2.9232516342504384,
              44.69552723926421
            ],
            [
              -2.815429046838169,
              44.808588270653246
            ],
            [
              -2.7107162078367066,
              44.79171727401995
            ]
          ]
        ]
      }
    },
    {
      "type": "Feature",
      "properties": {
        "name": "Zone 157",
        "superficie": 5146,
        "population": 3561,
        "layer": "Layer 1",
        "color": "red",
        "opacity": 0.15
      },
      "geometry": {
        "type": "Polygon",
        "coordinates": [
          [
            [
              2.1575272829459085,
              46.836310077822105
            ],
            [
              2.189826956676601,
              46.775187808813634
            ],
            [
              2.2907348517110986,
              46.726038850579414
            ],
            [
              2.238575823690124,
              46.665753854508054
            ],
            [
              2.2232851754957164,
              46.57846647642559
            ],
            [
              2.3503026765367934,
              46.482570321558406
            ],
            [
              2.2641282124349504,
              46.423489389118885
            ],
            [
              2.176622009761207,
              46.37669098822311
            ],
            [
              2.102953122274542,
              46.35543742404183
            ],
            [
              1.9858001500573712,
              46.43891509845231
            ],
            [
              1.8895196299021946,
              46.507179032376634
            ],
            [
              2.0223173496434255,
              46.578721954134444
            ],
            [
              1.9103653654265118,
              46.64552994396432
            ],
            [
              2.0948519974758124,
              46.74978734389714
            ],
            [
              2.1137800187930065,
              46.79959743512126
            ],
            [
              2.1575272829459085,
              46.836310077822105
            ]
          ]
        ]
      }
    },
    {
      "type": "Feature",
      "properties": {
        "name": "Zone 158",
        "superficie": 5730,
        "population": 819,
        "layer": "Layer 2",
        "color": "blue",
        "opacity": 0.15
      },
      "geometry": {
        "type": "Polygon",
        "coordinates": [
          [
            [
              3.0360993843792237,
              44.756345927509386
            ],
            [
              3.198888029203256,
              44.705113161477485
            ],
            [
              3.117214628381084,
              44.676965693997474
            ],
            [
              3.266538313918094,
              44.57297955161407
            ],
            [
              3.234521292904121,
              44.45383261794571
            ],
            [
              3.0772024264128426,
              44.43830384128515
            ],
            [
              3.0360993843792237,
              44.333891071827075
            ],
            [
              2.9079550561474887,
              44.36687518236305
            ],
            [
              2.933826634225944,
              44.47353031253752
            ],
            [
              2.7329669234786347,
              44.57297955161407
            ],
            [
              2.9186363710926764,
              44.693221164698365
            ],
            [
              2.943282396206228,
              44.78293180501298
            ],
            [
              3.0360993843792237,
              44.756345927509386
            ]
          ]
        ]
      }
    },
    {
      "type": "Feature",
      "properties": {
        "name": "Zone 159",
        "superficie": 5846,
        "population": 1684,
        "layer": "Layer 3",
        "color": "green",
        "opacity": 0.15
      },
      "geometry": {
        "type": "Polygon",
        "coordinates": [
          [
            [
              -1.3753522378097705,
              45.661783805871316
            ],
            [
              -1.2191213136887984,
              45.68132252244944
            ],
            [
              -1.0991602660057085,
              45.61884932901066
            ],
            [
              -1.0419346786792465,
              45.498900693227746
            ],
            [
              -1.2137670869867534,
              45.41678919023753
            ],
            [
              -1.333102061949065,
              45.35327792055498
            ],
            [
              -1.3586316993845948,
              45.25792928965611
            ],
            [
              -1.4344095376873691,
              45.272305409344106
            ],
            [
              -1.5838659854237847,
              45.32336279022549
            ],
            [
              -1.5868547134767077,
              45.40659069166475
            ],
            [
              -1.5224304644951998,
              45.499579942045905
            ],
            [
              -1.5016529056717698,
              45.594361220479854
            ],
            [
              -1.473421775221598,
              45.643380821957024
            ],
            [
              -1.3753522378097705,
              45.661783805871316
            ]
          ]
        ]
      }
    },
    {
      "type": "Feature",
      "properties": {
        "name": "Zone 160",
        "superficie": 5127,
        "population": 1826,
        "layer": "Layer 4",
        "color": "yellow",
        "opacity": 0.15
      },
      "geometry": {
        "type": "Polygon",
        "coordinates": [
          [
            [
              0.9818518168574473,
              46.98160280298773
            ],
            [
              1.01223808795021,
              47.01640581327061
            ],
            [
              1.0600950413257468,
              46.921064628198096
            ],
            [
              1.1186212042979402,
              46.90326034483338
            ],
            [
              1.1173400939033107,
              46.83086856234661
            ],
            [
              1.1521747033545424,
              46.76917734152434
            ],
            [
              1.143740459877553,
              46.69644897030308
            ],
            [
              1.1108085327684898,
              46.65957161125966
            ],
            [
              1.0598904634331705,
              46.627471620470246
            ],
            [
              1.009136506172826,
              46.58954260826021
            ],
            [
              0.9430242607677091,
              46.55422787970411
            ],
            [
              0.9167988548916594,
              46.57675307527611
            ],
            [
              0.8822440128694665,
              46.64566021267771
            ],
            [
              0.7286043011855722,
              46.72530085677399
            ],
            [
              0.7206154251026484,
              46.771883336290614
            ],
            [
              0.9217728216372644,
              46.84107680583234
            ],
            [
              0.7594697604750086,
              46.90947865036369
            ],
            [
              0.847339823500032,
              46.9199728985237
            ],
            [
              0.8871417354522826,
              47.016953231595544
            ],
            [
              0.9818518168574473,
              46.98160280298773
            ]
          ]
        ]
      }
    },
    {
      "type": "Feature",
      "properties": {
        "name": "Zone 161",
        "superficie": 5268,
        "population": 302,
        "layer": "Layer 1",
        "color": "red",
        "opacity": 0.15
      },
      "geometry": {
        "type": "Polygon",
        "coordinates": [
          [
            [
              -4.186369160978729,
              44.928529987903296
            ],
            [
              -4.075221973629701,
              44.92677900342958
            ],
            [
              -4.102920980479583,
              44.88118763865519
            ],
            [
              -4.031016489714991,
              44.783885926089276
            ],
            [
              -3.8784290667831876,
              44.68893221011659
            ],
            [
              -4.00040438558893,
              44.62120049014176
            ],
            [
              -4.123965032660378,
              44.59899611665857
            ],
            [
              -4.186369160978729,
              44.51734385494991
            ],
            [
              -4.222390579839716,
              44.59558588604253
            ],
            [
              -4.456738327845778,
              44.638893119394986
            ],
            [
              -4.4856530052709,
              44.70085553634993
            ],
            [
              -4.485367135903242,
              44.78185162386379
            ],
            [
              -4.253256960468967,
              44.83301501458247
            ],
            [
              -4.284423407255031,
              44.891390691823716
            ],
            [
              -4.186369160978729,
              44.928529987903296
            ]
          ]
        ]
      }
    },
    {
      "type": "Feature",
      "properties": {
        "name": "Zone 162",
        "superficie": 7514,
        "population": 5740,
        "layer": "Layer 2",
        "color": "blue",
        "opacity": 0.15
      },
      "geometry": {
        "type": "Polygon",
        "coordinates": [
          [
            [
              -4.037489980918705,
              44.440018556197174
            ],
            [
              -3.919891587788274,
              44.36968804372155
            ],
            [
              -3.9091598885099965,
              44.350435341297285
            ],
            [
              -3.817981513281519,
              44.341674883690196
            ],
            [
              -3.9654257783456828,
              44.258084070038585
            ],
            [
              -3.847066604740365,
              44.18546158948575
            ],
            [
              -3.753765144363336,
              44.1380831271083
            ],
            [
              -3.8433266678761857,
              44.103128226932874
            ],
            [
              -3.9404970119845606,
              44.054634465224964
            ],
            [
              -4.037489980918705,
              44.003665984596736
            ],
            [
              -4.061200503125759,
              44.04713606757862
            ],
            [
              -4.209671223004813,
              44.09298351285234
            ],
            [
              -4.143127945812984,
              44.11919145760934
            ],
            [
              -4.360718940158741,
              44.18197968684112
            ],
            [
              -4.139469028888125,
              44.250963750465935
            ],
            [
              -4.197465880968269,
              44.302956863331566
            ],
            [
              -4.242444066159567,
              44.37217237877196
            ],
            [
              -4.095547829953613,
              44.44777780369988
            ],
            [
              -4.037489980918705,
              44.440018556197174
            ]
          ]
        ]
      }
    },
    {
      "type": "Feature",
      "properties": {
        "name": "Zone 163",
        "superficie": 3779,
        "population": 7575,
        "layer": "Layer 3",
        "color": "green",
        "opacity": 0.15
      },
      "geometry": {
        "type": "Polygon",
        "coordinates": [
          [
            [
              2.348807050398528,
              46.014430842902705
            ],
            [
              2.457181878635195,
              46.01910984116509
            ],
            [
              2.5722540533357576,
              45.92060585451458
            ],
            [
              2.5137654790150954,
              45.872161165656884
            ],
            [
              2.4051604977871492,
              45.8083011155358
            ],
            [
              2.6279549964907534,
              45.716143504110164
            ],
            [
              2.443132223460301,
              45.68747887470135
            ],
            [
              2.4317752537451223,
              45.611838978840915
            ],
            [
              2.348807050398528,
              45.63223279281389
            ],
            [
              2.26272695928777,
              45.6030039987822
            ],
            [
              2.310562186206899,
              45.65479287711367
            ],
            [
              2.0932738606394516,
              45.714630921775445
            ],
            [
              2.2726640188033085,
              45.8083011155358
            ],
            [
              2.036521200600985,
              45.87612320526205
            ],
            [
              2.1367788811635475,
              45.97742283431232
            ],
            [
              2.2570500206117603,
              46.03254325387861
            ],
            [
              2.348807050398528,
              46.014430842902705
            ]
          ]
        ]
      }
    },
    {
      "type": "Feature",
      "properties": {
        "name": "Zone 164",
        "superficie": 5312,
        "population": 3392,
        "layer": "Layer 4",
        "color": "yellow",
        "opacity": 0.15
      },
      "geometry": {
        "type": "Polygon",
        "coordinates": [
          [
            [
              -3.006944961477105,
              46.04310912142684
            ],
            [
              -2.8900014091135064,
              45.99737506727386
            ],
            [
              -2.8819581635241613,
              45.89742583905272
            ],
            [
              -2.8851029250316484,
              45.78499141945486
            ],
            [
              -2.9323061120568896,
              45.687367583212094
            ],
            [
              -2.9712967537691566,
              45.593738877998376
            ],
            [
              -3.095727190904783,
              45.64823567513675
            ],
            [
              -3.2342724829349216,
              45.69213980104851
            ],
            [
              -3.1052580473329243,
              45.78280397629937
            ],
            [
              -3.2616718655511048,
              45.878967374953135
            ],
            [
              -3.1603853680605134,
              46.017863713390156
            ],
            [
              -3.006944961477105,
              46.04310912142684
            ]
          ]
        ]
      }
    },
    {
      "type": "Feature",
      "properties": {
        "name": "Zone 165",
        "superficie": 4438,
        "population": 5253,
        "layer": "Layer 1",
        "color": "red",
        "opacity": 0.15
      },
      "geometry": {
        "type": "Polygon",
        "coordinates": [
          [
            [
              2.048482975150959,
              49.32704785591122
            ],
            [
              2.067844408720565,
              49.31257605001383
            ],
            [
              2.1660963941738545,
              49.253195661955274
            ],
            [
              2.2772216380431325,
              49.23440922612115
            ],
            [
              2.1027153108563095,
              49.14795903115477
            ],
            [
              2.175443263799533,
              49.07300845769477
            ],
            [
              2.1068010348174977,
              48.99901519140163
            ],
            [
              2.0801614654951486,
              48.99716673206719
            ],
            [
              2.084444452520934,
              48.897749734044076
            ],
            [
              2.009872307971019,
              48.903621811359216
            ],
            [
              1.9196412783926353,
              48.92078146610728
            ],
            [
              1.814912218181257,
              49.029945518324126
            ],
            [
              1.9911227581411564,
              49.07440849788526
            ],
            [
              1.7182122419035968,
              49.149710007738314
            ],
            [
              1.8759305467944172,
              49.226007835457324
            ],
            [
              1.9765140208160783,
              49.2436133318912
            ],
            [
              1.953136467306316,
              49.29111649122334
            ],
            [
              2.048482975150959,
              49.32704785591122
            ]
          ]
        ]
      }
    },
    {
      "type": "Feature",
      "properties": {
        "name": "Zone 166",
        "superficie": 3325,
        "population": 9203,
        "layer": "Layer 2",
        "color": "blue",
        "opacity": 0.15
      },
      "geometry": {
        "type": "Polygon",
        "coordinates": [
          [
            [
              -3.0078267621247092,
              49.1077139464469
            ],
            [
              -2.9810265061662675,
              49.01986845192854
            ],
            [
              -2.7939279568003865,
              49.050096181572044
            ],
            [
              -2.9151951630164623,
              48.95112520571237
            ],
            [
              -2.8489597404794385,
              48.90363414986815
            ],
            [
              -2.786465548878701,
              48.832369872461776
            ],
            [
              -2.940747791569379,
              48.776802994188536
            ],
            [
              -2.794334976177496,
              48.74580104529452
            ],
            [
              -2.955812497880216,
              48.719319132235974
            ],
            [
              -3.0078267621247092,
              48.66389498899629
            ],
            [
              -3.089722309815494,
              48.64784579363846
            ],
            [
              -3.069311460593443,
              48.73561976638546
            ],
            [
              -3.301355678302066,
              48.772525612909504
            ],
            [
              -3.3202878965383853,
              48.83173035037439
            ],
            [
              -3.2724695056982225,
              48.9053800370471
            ],
            [
              -3.0591122450264496,
              48.94014323451552
            ],
            [
              -3.0444482958770873,
              49.048651454862245
            ],
            [
              -3.042536588854601,
              49.039077508748534
            ],
            [
              -3.0078267621247092,
              49.1077139464469
            ]
          ]
        ]
      }
    },
    {
      "type": "Feature",
      "properties": {
        "name": "Zone 167",
        "superficie": 4793,
        "population": 7096,
        "layer": "Layer 3",
        "color": "green",
        "opacity": 0.15
      },
      "geometry": {
        "type": "Polygon",
        "coordinates": [
          [
            [
              -0.14071762346318284,
              48.994523444507614
            ],
            [
              -0.03788678913848882,
              49.020462716268355
            ],
            [
              -0.01199995107172902,
              48.909273500850134
            ],
            [
              0.12495793769637953,
              48.88934797174227
            ],
            [
              0.09970162159162199,
              48.835446780663766
            ],
            [
              0.18055392167667633,
              48.76487451889062
            ],
            [
              0.032525343443798815,
              48.69317451926346
            ],
            [
              -0.028489277115957737,
              48.64346962834361
            ],
            [
              -0.0824413972725874,
              48.60320366195434
            ],
            [
              -0.1407176234631828,
              48.6434149059684
            ],
            [
              -0.19501278002935077,
              48.642347607457786
            ],
            [
              -0.28507569736220256,
              48.62062318077581
            ],
            [
              -0.4333512051284898,
              48.71501484144128
            ],
            [
              -0.27789914877066246,
              48.75216587338435
            ],
            [
              -0.19212868898805519,
              48.82811276446122
            ],
            [
              -0.419958422079351,
              48.89488256343438
            ],
            [
              -0.20417111814612446,
              48.96807777988824
            ],
            [
              -0.1660397657296929,
              48.945923933112724
            ],
            [
              -0.14071762346318284,
              48.994523444507614
            ]
          ]
        ]
      }
    },
    {
      "type": "Feature",
      "properties": {
        "name": "Zone 168",
        "superficie": 7067,
        "population": 486,
        "layer": "Layer 4",
        "color": "yellow",
        "opacity": 0.15
      },
      "geometry": {
        "type": "Polygon",
        "coordinates": [
          [
            [
              -4.6865198754352715,
              48.656842393411615
            ],
            [
              -4.590807277625816,
              48.57017542758989
            ],
            [
              -4.645428321832629,
              48.54450946510932
            ],
            [
              -4.611732186693051,
              48.46574711688971
            ],
            [
              -4.584296987443548,
              48.385284256755575
            ],
            [
              -4.641701728418265,
              48.32626235372224
            ],
            [
              -4.516994331091968,
              48.28222960568084
            ],
            [
              -4.6259223792318505,
              48.22989470724166
            ],
            [
              -4.747657770646895,
              48.20135635108786
            ],
            [
              -4.8845724171818405,
              48.2611456489161
            ],
            [
              -4.968559651223392,
              48.310859600323724
            ],
            [
              -4.9206083586330776,
              48.392374183284446
            ],
            [
              -4.931156991503321,
              48.47730367413283
            ],
            [
              -4.807258700351576,
              48.56247815958947
            ],
            [
              -4.767506112161927,
              48.629028051007154
            ],
            [
              -4.6865198754352715,
              48.656842393411615
            ]
          ]
        ]
      }
    },
    {
      "type": "Feature",
      "properties": {
        "name": "Zone 169",
        "superficie": 4702,
        "population": 1157,
        "layer": "Layer 1",
        "color": "red",
        "opacity": 0.15
      },
      "geometry": {
        "type": "Polygon",
        "coordinates": [
          [
            [
              0.1014165754971792,
              42.58951533281819
            ],
            [
              0.1509445158479118,
              42.55125304217871
            ],
            [
              0.28196559991617154,
              42.45999476633448
            ],
            [
              0.28021635620532104,
              42.33475494080873
            ],
            [
              0.2747791808010801,
              42.20015132342542
            ],
            [
              0.18610155194058442,
              42.13979165346976
            ],
            [
              0.03504088504902374,
              42.12567301101673
            ],
            [
              -0.04476126990916332,
              42.202044888394255
            ],
            [
              0.033351473751561445,
              42.32591713887534
            ],
            [
              -0.005710075652006291,
              42.42533138332078
            ],
            [
              -0.0003444060421721601,
              42.52535518118397
            ],
            [
              0.1014165754971792,
              42.58951533281819
            ]
          ]
        ]
      }
    },
    {
      "type": "Feature",
      "properties": {
        "name": "Zone 170",
        "superficie": 6583,
        "population": 3504,
        "layer": "Layer 2",
        "color": "blue",
        "opacity": 0.15
      },
      "geometry": {
        "type": "Polygon",
        "coordinates": [
          [
            [
              1.0887901637802146,
              46.92748723557724
            ],
            [
              1.1742261441960167,
              46.945312623650054
            ],
            [
              1.2204556734538494,
              46.828086534462784
            ],
            [
              1.3088127845210669,
              46.777332076898006
            ],
            [
              1.1518226789141879,
              46.71474143147229
            ],
            [
              1.2506222585079376,
              46.642268699913956
            ],
            [
              1.1654976619826962,
              46.560308306479016
            ],
            [
              1.1706616137388521,
              46.566899511450586
            ],
            [
              1.0887901637802146,
              46.48208623687303
            ],
            [
              1.05810003284259,
              46.530291054271615
            ],
            [
              0.9750213492710842,
              46.59843643578031
            ],
            [
              0.8275288297395338,
              46.641677575612505
            ],
            [
              0.9821902028134863,
              46.71474143147229
            ],
            [
              0.9331250356795746,
              46.7973405064725
            ],
            [
              0.904057851040697,
              46.824602520052686
            ],
            [
              1.0598462292063475,
              46.8967909055669
            ],
            [
              1.0887901637802146,
              46.92748723557724
            ]
          ]
        ]
      }
    },
    {
      "type": "Feature",
      "properties": {
        "name": "Zone 171",
        "superficie": 7529,
        "population": 5498,
        "layer": "Layer 3",
        "color": "green",
        "opacity": 0.15
      },
      "geometry": {
        "type": "Polygon",
        "coordinates": [
          [
            [
              2.2455701539273667,
              45.436386187017504
            ],
            [
              2.32587469417153,
              45.39539652260695
            ],
            [
              2.4378955718793303,
              45.284953692192445
            ],
            [
              2.4674657394088273,
              45.15226955631876
            ],
            [
              2.380172327357923,
              45.07051404219565
            ],
            [
              2.3139983931201487,
              45.041759603504815
            ],
            [
              2.1996863088844028,
              44.98246811774576
            ],
            [
              2.206293806088336,
              45.06012079302026
            ],
            [
              2.156535083736071,
              45.165371521544046
            ],
            [
              2.0244763778486234,
              45.27537034711578
            ],
            [
              2.100238166958371,
              45.345393360815464
            ],
            [
              2.2455701539273667,
              45.436386187017504
            ]
          ]
        ]
      }
    },
    {
      "type": "Feature",
      "properties": {
        "name": "Zone 172",
        "superficie": 5333,
        "population": 1041,
        "layer": "Layer 4",
        "color": "yellow",
        "opacity": 0.15
      },
      "geometry": {
        "type": "Polygon",
        "coordinates": [
          [
            [
              -0.918902942075345,
              46.266691890893206
            ],
            [
              -0.8081113353303292,
              46.259090705884546
            ],
            [
              -0.78863835157713,
              46.21962432492122
            ],
            [
              -0.6709507990220587,
              46.17202920327455
            ],
            [
              -0.6682689432753917,
              46.078876663723285
            ],
            [
              -0.8169186431346401,
              46.02308440290215
            ],
            [
              -0.8081672905784969,
              45.972555549246884
            ],
            [
              -0.7686078104617544,
              45.89356155114061
            ],
            [
              -0.754212855202826,
              45.88060946754874
            ],
            [
              -0.8801486729697865,
              45.85266007245929
            ],
            [
              -0.9305388318081851,
              45.85083700762711
            ],
            [
              -0.9731204097677284,
              45.8596139022096
            ],
            [
              -1.1364268606606172,
              45.89791432374458
            ],
            [
              -1.0152222709626257,
              45.939083065124166
            ],
            [
              -1.1266497913536537,
              46.02154919329395
            ],
            [
              -1.2046199107193853,
              46.07506926379349
            ],
            [
              -0.9726068175864728,
              46.161079797950514
            ],
            [
              -1.0008534487710357,
              46.22496992950109
            ],
            [
              -0.9595524757460152,
              46.227276604229
            ],
            [
              -0.918902942075345,
              46.266691890893206
            ]
          ]
        ]
      }
    },
    {
      "type": "Feature",
      "properties": {
        "name": "Zone 173",
        "superficie": 6469,
        "population": 5794,
        "layer": "Layer 1",
        "color": "red",
        "opacity": 0.15
      },
      "geometry": {
        "type": "Polygon",
        "coordinates": [
          [
            [
              3.030064216759399,
              42.648254829108744
            ],
            [
              3.145521548096473,
              42.597973339559594
            ],
            [
              3.06949654852449,
              42.58169185417249
            ],
            [
              3.1615322023837362,
              42.500578172423715
            ],
            [
              3.288462646237254,
              42.41765526385897
            ],
            [
              3.1227049879828206,
              42.333307720090524
            ],
            [
              3.1684983444991737,
              42.289481586060546
            ],
            [
              3.0754234584794635,
              42.24124610291808
            ],
            [
              2.9816666346984415,
              42.220082782463535
            ],
            [
              2.8364628171631807,
              42.24575269543479
            ],
            [
              2.7648794758330406,
              42.34245289517008
            ],
            [
              2.9448295317962527,
              42.4179390583936
            ],
            [
              2.7271823414664884,
              42.51461837925338
            ],
            [
              2.9296914753049204,
              42.569237972066496
            ],
            [
              2.9282088171982243,
              42.65806597052074
            ],
            [
              3.030064216759399,
              42.648254829108744
            ]
          ]
        ]
      }
    },
    {
      "type": "Feature",
      "properties": {
        "name": "Zone 174",
        "superficie": 7410,
        "population": 9408,
        "layer": "Layer 2",
        "color": "blue",
        "opacity": 0.15
      },
      "geometry": {
        "type": "Polygon",
        "coordinates": [
          [
            [
              1.293654914320082,
              46.900022845991174
            ],
            [
              1.3717221629473229,
              46.8990532281017
            ],
            [
              1.522187543099884,
              46.861771422385985
            ],
            [
              1.4075474664853156,
              46.821733225032304
            ],
            [
              1.537982610552893,
              46.740083415227446
            ],
            [
              1.4117571427402404,
              46.67802361477609
            ],
            [
              1.398111176164878,
              46.566730630863724
            ],
            [
              1.398903127774643,
              46.55616512679116
            ],
            [
              1.293654914320082,
              46.55060769087692
            ],
            [
              1.247280891753221,
              46.58813598923712
            ],
            [
              1.0666425643041102,
              46.61229106389438
            ],
            [
              1.1063657429882792,
              46.65247451217088
            ],
            [
              1.1099982136700086,
              46.740083415227446
            ],
            [
              1.0741241054876145,
              46.808477169999996
            ],
            [
              1.155731141997136,
              46.909557510205246
            ],
            [
              1.1601311820944076,
              46.89566509566064
            ],
            [
              1.293654914320082,
              46.900022845991174
            ]
          ]
        ]
      }
    },
    {
      "type": "Feature",
      "properties": {
        "name": "Zone 175",
        "superficie": 6710,
        "population": 1088,
        "layer": "Layer 3",
        "color": "green",
        "opacity": 0.15
      },
      "geometry": {
        "type": "Polygon",
        "coordinates": [
          [
            [
              -0.46680403600577236,
              51.18352109212184
            ],
            [
              -0.3393042187308405,
              51.142604779917754
            ],
            [
              -0.26378052917291284,
              51.077823404494474
            ],
            [
              -0.4023287351660988,
              51.02953659919367
            ],
            [
              -0.2487134864375531,
              50.9359007623578
            ],
            [
              -0.14346572021406157,
              50.850024197595005
            ],
            [
              -0.30814157994185815,
              50.77897282551259
            ],
            [
              -0.3960916487588239,
              50.77098946368854
            ],
            [
              -0.46680403600577236,
              50.70301340381514
            ],
            [
              -0.5850967116058926,
              50.7252432487944
            ],
            [
              -0.5306670201050587,
              50.76370602762644
            ],
            [
              -0.7338729747811336,
              50.84650379275657
            ],
            [
              -0.6074343887812236,
              50.9359007623578
            ],
            [
              -0.6888849862812885,
              51.03012119342266
            ],
            [
              -0.6423892480289816,
              51.09149450994731
            ],
            [
              -0.4937028342456144,
              51.164583211090736
            ],
            [
              -0.46680403600577236,
              51.18352109212184
            ]
          ]
        ]
      }
    },
    {
      "type": "Feature",
      "properties": {
        "name": "Zone 176",
        "superficie": 5604,
        "population": 671,
        "layer": "Layer 4",
        "color": "yellow",
        "opacity": 0.15
      },
      "geometry": {
        "type": "Polygon",
        "coordinates": [
          [
            [
              5.966013449602505,
              42.386245314188976
            ],
            [
              6.0655404824030485,
              42.29702652704758
            ],
            [
              6.043706136279185,
              42.24796581600443
            ],
            [
              6.113938402495926,
              42.2050776721701
            ],
            [
              6.3001641814510005,
              42.12247726212747
            ],
            [
              6.013864388301213,
              42.03406063734368
            ],
            [
              6.038466982198563,
              41.95365010029796
            ],
            [
              6.004052106685132,
              41.98350897195026
            ],
            [
              5.918515002963933,
              41.99179604091213
            ],
            [
              5.843049290885891,
              41.98352195175287
            ],
            [
              5.8293200082002725,
              42.02863153651307
            ],
            [
              5.8990218933632725,
              42.11969248551886
            ],
            [
              5.806781417543289,
              42.21849434537572
            ],
            [
              5.784201772248355,
              42.277263642233656
            ],
            [
              5.943229944909039,
              42.32497156714575
            ],
            [
              5.966013449602505,
              42.386245314188976
            ]
          ]
        ]
      }
    },
    {
      "type": "Feature",
      "properties": {
        "name": "Zone 177",
        "superficie": 3252,
        "population": 5513,
        "layer": "Layer 1",
        "color": "red",
        "opacity": 0.15
      },
      "geometry": {
        "type": "Polygon",
        "coordinates": [
          [
            [
              -2.9092291923540445,
              49.792606857581646
            ],
            [
              -2.88027937280787,
              49.76220145037652
            ],
            [
              -2.6861198967569715,
              49.71363092750814
            ],
            [
              -2.6438055866871397,
              49.68364667374742
            ],
            [
              -2.834262953759777,
              49.59052279876572
            ],
            [
              -2.673587352745317,
              49.493103068302105
            ],
            [
              -2.8102647148438376,
              49.45792562944875
            ],
            [
              -2.855818893055181,
              49.44052933771489
            ],
            [
              -2.969472752753716,
              49.38492529937801
            ],
            [
              -3.0709848219986458,
              49.48566804942723
            ],
            [
              -2.9724747286338182,
              49.487008084219475
            ],
            [
              -3.1789876680060654,
              49.582368589571196
            ],
            [
              -3.0554251118171325,
              49.68133812234464
            ],
            [
              -3.041213075129206,
              49.71167135419348
            ],
            [
              -3.0278588789620096,
              49.80671292586196
            ],
            [
              -2.9092291923540445,
              49.792606857581646
            ]
          ]
        ]
      }
    },
    {
      "type": "Feature",
      "properties": {
        "name": "Zone 178",
        "superficie": 3033,
        "population": 1189,
        "layer": "Layer 2",
        "color": "blue",
        "opacity": 0.15
      },
      "geometry": {
        "type": "Polygon",
        "coordinates": [
          [
            [
              -3.163259913264638,
              47.44570059145389
            ],
            [
              -3.144247852150058,
              47.41368246566206
            ],
            [
              -3.009737077945317,
              47.38626195634133
            ],
            [
              -2.9625535015771325,
              47.349864152739336
            ],
            [
              -2.8194561546868426,
              47.25551602936086
            ],
            [
              -2.878273246576012,
              47.18357144584629
            ],
            [
              -2.962931717646544,
              47.12692596479041
            ],
            [
              -3.0530502981135337,
              47.10208801609713
            ],
            [
              -3.1128498599660914,
              47.061428037885705
            ],
            [
              -3.1765154175436088,
              47.03818854858101
            ],
            [
              -3.2043185313571496,
              47.10151027030414
            ],
            [
              -3.3677977988823593,
              47.14646220252565
            ],
            [
              -3.3943361654126267,
              47.19797992136473
            ],
            [
              -3.359505468959115,
              47.26004303148824
            ],
            [
              -3.4676657345333637,
              47.31021473879074
            ],
            [
              -3.2635646716189277,
              47.4135406573491
            ],
            [
              -3.2557419615898437,
              47.46392571221801
            ],
            [
              -3.163259913264638,
              47.44570059145389
            ]
          ]
        ]
      }
    },
    {
      "type": "Feature",
      "properties": {
        "name": "Zone 179",
        "superficie": 5927,
        "population": 4652,
        "layer": "Layer 3",
        "color": "green",
        "opacity": 0.15
      },
      "geometry": {
        "type": "Polygon",
        "coordinates": [
          [
            [
              -0.3981717962283229,
              49.91143413471318
            ],
            [
              -0.33034615597626027,
              49.87582837167358
            ],
            [
              -0.20658338462314188,
              49.845564168805815
            ],
            [
              -0.1646141236072924,
              49.74855075080183
            ],
            [
              -0.21674261612651255,
              49.70968965687073
            ],
            [
              -0.3317273993139639,
              49.64816662818608
            ],
            [
              -0.16725506262139087,
              49.57347518046965
            ],
            [
              -0.33401430165598167,
              49.53322648019708
            ],
            [
              -0.36288532751533203,
              49.49968028147022
            ],
            [
              -0.3515872339737454,
              49.487794037278476
            ],
            [
              -0.4382914185936123,
              49.510733152913176
            ],
            [
              -0.5180444226240755,
              49.49684817200468
            ],
            [
              -0.6086774445381915,
              49.5298862163822
            ],
            [
              -0.588556525022976,
              49.56733739042386
            ],
            [
              -0.6425270850096737,
              49.645742657340286
            ],
            [
              -0.5515886762207478,
              49.710559540773424
            ],
            [
              -0.49961648541304815,
              49.782512008752555
            ],
            [
              -0.5455732293486393,
              49.852835797668504
            ],
            [
              -0.4482978409521622,
              49.81450788820846
            ],
            [
              -0.3981717962283229,
              49.91143413471318
            ]
          ]
        ]
      }
    },
    {
      "type": "Feature",
      "properties": {
        "name": "Zone 180",
        "superficie": 7968,
        "population": 2092,
        "layer": "Layer 4",
        "color": "yellow",
        "opacity": 0.15
      },
      "geometry": {
        "type": "Polygon",
        "coordinates": [
          [
            [
              -0.899863644765901,
              47.91453499974857
            ],
            [
              -0.8468574091985047,
              47.83039014962105
            ],
            [
              -0.8278775862937496,
              47.772302351307594
            ],
            [
              -0.5979913276311033,
              47.625180755064804
            ],
            [
              -0.8054644025291771,
              47.55932182731194
            ],
            [
              -0.899863644765901,
              47.49088659734874
            ],
            [
              -1.0174816849245658,
              47.544191155135984
            ],
            [
              -1.066231674268531,
              47.62157090722625
            ],
            [
              -0.9597338203477557,
              47.76200425990903
            ],
            [
              -0.9586285355220101,
              47.82256151047223
            ],
            [
              -0.899863644765901,
              47.91453499974857
            ]
          ]
        ]
      }
    },
    {
      "type": "Feature",
      "properties": {
        "name": "Zone 181",
        "superficie": 4790,
        "population": 6143,
        "layer": "Layer 1",
        "color": "red",
        "opacity": 0.15
      },
      "geometry": {
        "type": "Polygon",
        "coordinates": [
          [
            [
              7.253530183073746,
              44.00259543419745
            ],
            [
              7.375855410733661,
              43.96313273930106
            ],
            [
              7.325823593309589,
              43.85411777817308
            ],
            [
              7.376679296470431,
              43.801346346560926
            ],
            [
              7.3919889886447185,
              43.71012925438236
            ],
            [
              7.410186494099283,
              43.61154586453119
            ],
            [
              7.321591404117354,
              43.53162265371729
            ],
            [
              7.253530183073746,
              43.58191489061849
            ],
            [
              7.231438326295644,
              43.570579630714256
            ],
            [
              7.144488866118562,
              43.657292405971276
            ],
            [
              7.0869520931625285,
              43.71273164885135
            ],
            [
              6.947315100760295,
              43.78872282170185
            ],
            [
              7.026063419915552,
              43.86046476824321
            ],
            [
              7.193283631428698,
              43.962550758358475
            ],
            [
              7.253530183073746,
              44.00259543419745
            ]
          ]
        ]
      }
    },
    {
      "type": "Feature",
      "properties": {
        "name": "Zone 182",
        "superficie": 4678,
        "population": 6479,
        "layer": "Layer 2",
        "color": "blue",
        "opacity": 0.15
      },
      "geometry": {
        "type": "Polygon",
        "coordinates": [
          [
            [
              1.7282681130795225,
              42.21103288286058
            ],
            [
              1.7838051227101994,
              42.24903002069557
            ],
            [
              1.91791531617076,
              42.18486805482809
            ],
            [
              1.9347786510102283,
              42.14820593722682
            ],
            [
              1.965000135743636,
              42.08303912463023
            ],
            [
              2.0659709067248757,
              42.00873607620603
            ],
            [
              1.886890776536297,
              41.9594361428911
            ],
            [
              1.9762056520472084,
              41.878348365271385
            ],
            [
              1.8233732367810898,
              41.877624783413104
            ],
            [
              1.767709142582959,
              41.79801383620853
            ],
            [
              1.6766933409924942,
              41.853269690502984
            ],
            [
              1.6855850184382855,
              41.876014469185485
            ],
            [
              1.6392558526250491,
              41.87845778850651
            ],
            [
              1.4625571160195026,
              41.92617485470635
            ],
            [
              1.5740628388004851,
              42.006362043748716
            ],
            [
              1.5922132106934288,
              42.0654709387438
            ],
            [
              1.58688159083907,
              42.125622726197115
            ],
            [
              1.6106216776501607,
              42.20340828039294
            ],
            [
              1.6801323945654851,
              42.21765438201265
            ],
            [
              1.7282681130795225,
              42.21103288286058
            ]
          ]
        ]
      }
    },
    {
      "type": "Feature",
      "properties": {
        "name": "Zone 183",
        "superficie": 7501,
        "population": 2581,
        "layer": "Layer 3",
        "color": "green",
        "opacity": 0.15
      },
      "geometry": {
        "type": "Polygon",
        "coordinates": [
          [
            [
              -4.168547935931578,
              49.45200864487398
            ],
            [
              -4.121818010415602,
              49.479928901736436
            ],
            [
              -4.070014414949348,
              49.41774094319594
            ],
            [
              -3.8676198467264786,
              49.31719198096343
            ],
            [
              -4.035471842344881,
              49.21650146326641
            ],
            [
              -4.071093735731863,
              49.116552796754995
            ],
            [
              -4.14468997920712,
              49.04907991345039
            ],
            [
              -4.24309112871683,
              49.082240746112845
            ],
            [
              -4.303089431230104,
              49.117181660299885
            ],
            [
              -4.2733258593498515,
              49.22765478949558
            ],
            [
              -4.414244042447045,
              49.31206674399775
            ],
            [
              -4.390793208021077,
              49.41533591707925
            ],
            [
              -4.2627483545870275,
              49.49604988725772
            ],
            [
              -4.168547935931578,
              49.45200864487398
            ]
          ]
        ]
      }
    },
    {
      "type": "Feature",
      "properties": {
        "name": "Zone 184",
        "superficie": 3192,
        "population": 7861,
        "layer": "Layer 4",
        "color": "yellow",
        "opacity": 0.15
      },
      "geometry": {
        "type": "Polygon",
        "coordinates": [
          [
            [
              5.271028936113902,
              45.39168929435045
            ],
            [
              5.347189714395567,
              45.3467025549117
            ],
            [
              5.456393563374736,
              45.35613143676175
            ],
            [
              5.5191825226942255,
              45.29012820023406
            ],
            [
              5.441687632724864,
              45.204663140219324
            ],
            [
              5.495609867693556,
              45.119241601991774
            ],
            [
              5.445466457344221,
              45.08281513475296
            ],
            [
              5.300714394509249,
              45.01050956199003
            ],
            [
              5.282255256556289,
              44.94399676354578
            ],
            [
              5.250430483939696,
              44.98428941191042
            ],
            [
              5.187217836718784,
              45.029003395036185
            ],
            [
              5.140908422558935,
              45.06945530324624
            ],
            [
              5.191633148554349,
              45.11841508407781
            ],
            [
              4.96337555682775,
              45.20501894660876
            ],
            [
              5.077678238989222,
              45.250223971822
            ],
            [
              5.173606567600545,
              45.342063822015426
            ],
            [
              5.192832155521815,
              45.34008894761859
            ],
            [
              5.271028936113902,
              45.39168929435045
            ]
          ]
        ]
      }
    },
    {
      "type": "Feature",
      "properties": {
        "name": "Zone 185",
        "superficie": 3729,
        "population": 3463,
        "layer": "Layer 1",
        "color": "red",
        "opacity": 0.15
      },
      "geometry": {
        "type": "Polygon",
        "coordinates": [
          [
            [
              4.8096537760686555,
              49.54508292670775
            ],
            [
              4.8826304679335815,
              49.5407694460724
            ],
            [
              5.001780895816461,
              49.52561796574815
            ],
            [
              4.913853554551227,
              49.413856930689114
            ],
            [
              5.024883844759101,
              49.322250536152076
            ],
            [
              4.85052371901047,
              49.267588335813514
            ],
            [
              4.832513788201826,
              49.188206461351726
            ],
            [
              4.757689748307934,
              49.19213269406014
            ],
            [
              4.7705783970991344,
              49.24589414749875
            ],
            [
              4.733700922586373,
              49.314841397100956
            ],
            [
              4.712935292791112,
              49.417342839205766
            ],
            [
              4.713104156022715,
              49.47599662669475
            ],
            [
              4.766860903017851,
              49.59841336643952
            ],
            [
              4.8096537760686555,
              49.54508292670775
            ]
          ]
        ]
      }
    },
    {
      "type": "Feature",
      "properties": {
        "name": "Zone 186",
        "superficie": 6024,
        "population": 1443,
        "layer": "Layer 2",
        "color": "blue",
        "opacity": 0.15
      },
      "geometry": {
        "type": "Polygon",
        "coordinates": [
          [
            [
              2.190181195494759,
              42.203819876161006
            ],
            [
              2.341299454434186,
              42.16036790234736
            ],
            [
              2.382236380854549,
              42.080588959188724
            ],
            [
              2.306469571172592,
              41.96764556153394
            ],
            [
              2.280674319803009,
              41.88234728707667
            ],
            [
              2.190181195494759,
              41.80482705558076
            ],
            [
              2.1561996887196515,
              41.88307596361198
            ],
            [
              2.0929004230771637,
              41.953357045729845
            ],
            [
              1.9230491737262279,
              42.09599145178521
            ],
            [
              2.0642882343028814,
              42.1680056851273
            ],
            [
              2.190181195494759,
              42.203819876161006
            ]
          ]
        ]
      }
    },
    {
      "type": "Feature",
      "properties": {
        "name": "Zone 187",
        "superficie": 5083,
        "population": 889,
        "layer": "Layer 3",
        "color": "green",
        "opacity": 0.15
      },
      "geometry": {
        "type": "Polygon",
        "coordinates": [
          [
            [
              3.420857544589742,
              49.76674118050877
            ],
            [
              3.5160540974383827,
              49.77968728811406
            ],
            [
              3.468662905788573,
              49.72128501477259
            ],
            [
              3.6199866050114773,
              49.65353493142317
            ],
            [
              3.6556759803794203,
              49.59265252251594
            ],
            [
              3.597085070951527,
              49.5061485829795
            ],
            [
              3.6315381867386187,
              49.475936559652475
            ],
            [
              3.5441515014267218,
              49.386985946469686
            ],
            [
              3.420857544589742,
              49.412064075852065
            ],
            [
              3.3069186105051163,
              49.37384448360015
            ],
            [
              3.3425456171144727,
              49.44563869694426
            ],
            [
              3.260302153223972,
              49.51866465884561
            ],
            [
              3.369766027491086,
              49.59265252251594
            ],
            [
              3.2797535515962823,
              49.68762359174178
            ],
            [
              3.260348338356233,
              49.72611005521914
            ],
            [
              3.350846170724947,
              49.73805085215452
            ],
            [
              3.420857544589742,
              49.76674118050877
            ]
          ]
        ]
      }
    },
    {
      "type": "Feature",
      "properties": {
        "name": "Zone 188",
        "superficie": 3662,
        "population": 3907,
        "layer": "Layer 4",
        "color": "yellow",
        "opacity": 0.15
      },
      "geometry": {
        "type": "Polygon",
        "coordinates": [
          [
            [
              -3.5740235340416886,
              46.08951552593304
            ],
            [
              -3.456829243106494,
              46.009292787446896
            ],
            [
              -3.4364636050984596,
              46.0046399230945
            ],
            [
              -3.3526333662024457,
              45.90875255021262
            ],
            [
              -3.4369372723834086,
              45.8391525638403
            ],
            [
              -3.5158304558763316,
              45.73632907009466
            ],
            [
              -3.472935540853896,
              45.73614282018654
            ],
            [
              -3.524319570054543,
              45.650423428038515
            ],
            [
              -3.6250528005467992,
              45.66489961067607
            ],
            [
              -3.6631774281455463,
              45.72241966800428
            ],
            [
              -3.6787679301298164,
              45.78132771242994
            ],
            [
              -3.7798568265093637,
              45.83647199412271
            ],
            [
              -3.6746321617943294,
              45.93532706541869
            ],
            [
              -3.8248759341606235,
              45.96658062239015
            ],
            [
              -3.6487530209450623,
              46.01930729070022
            ],
            [
              -3.5740235340416886,
              46.08951552593304
            ]
          ]
        ]
      }
    },
    {
      "type": "Feature",
      "properties": {
        "name": "Zone 189",
        "superficie": 5483,
        "population": 5573,
        "layer": "Layer 1",
        "color": "red",
        "opacity": 0.15
      },
      "geometry": {
        "type": "Polygon",
        "coordinates": [
          [
            [
              1.8438691688023798,
              48.59832330911977
            ],
            [
              1.868320002889973,
              48.54591216408812
            ],
            [
              2.0616559448714926,
              48.51834164013626
            ],
            [
              2.061496596419808,
              48.479531112238575
            ],
            [
              1.9199645034560646,
              48.42038563277199
            ],
            [
              2.091788354617068,
              48.355574175660905
            ],
            [
              2.0710099199849514,
              48.26408530277413
            ],
            [
              1.9670199479582597,
              48.208573160588806
            ],
            [
              1.9369229051181351,
              48.19113385626665
            ],
            [
              1.8438691688023798,
              48.22132314451073
            ],
            [
              1.7915111674851563,
              48.18347374480778
            ],
            [
              1.7248537407834854,
              48.263281249010326
            ],
            [
              1.7202566732304978,
              48.30281625550382
            ],
            [
              1.7659651535316991,
              48.352798588084376
            ],
            [
              1.6203303062246226,
              48.41648630176668
            ],
            [
              1.5485445155970052,
              48.490482270811135
            ],
            [
              1.7636271899435922,
              48.519636639938525
            ],
            [
              1.8078673018399878,
              48.61555001453629
            ],
            [
              1.8438691688023798,
              48.59832330911977
            ]
          ]
        ]
      }
    },
    {
      "type": "Feature",
      "properties": {
        "name": "Zone 190",
        "superficie": 3077,
        "population": 6341,
        "layer": "Layer 2",
        "color": "blue",
        "opacity": 0.15
      },
      "geometry": {
        "type": "Polygon",
        "coordinates": [
          [
            [
              4.538283232370286,
              48.1187810034825
            ],
            [
              4.5823077628514355,
              48.05999060302417
            ],
            [
              4.608455696288301,
              47.97669380280884
            ],
            [
              4.750928637939814,
              47.85625944456469
            ],
            [
              4.676450692916468,
              47.74933689080849
            ],
            [
              4.581487446226033,
              47.724876378597116
            ],
            [
              4.4987582086734275,
              47.68593249196866
            ],
            [
              4.373788943730887,
              47.73204655366877
            ],
            [
              4.479620113840763,
              47.85904288718215
            ],
            [
              4.450571243734616,
              47.978320968274865
            ],
            [
              4.457404798865512,
              48.04332423434034
            ],
            [
              4.538283232370286,
              48.1187810034825
            ]
          ]
        ]
      }
    },
    {
      "type": "Feature",
      "properties": {
        "name": "Zone 191",
        "superficie": 7439,
        "population": 1583,
        "layer": "Layer 3",
        "color": "green",
        "opacity": 0.15
      },
      "geometry": {
        "type": "Polygon",
        "coordinates": [
          [
            [
              2.0512276980913455,
              42.649330684188165
            ],
            [
              2.0910202371923865,
              42.663368836581775
            ],
            [
              2.141561690906142,
              42.635083488727915
            ],
            [
              2.322448052164717,
              42.57463987707176
            ],
            [
              2.2608603584906333,
              42.49160964831671
            ],
            [
              2.2128552846708844,
              42.426962723818626
            ],
            [
              2.2798169852990577,
              42.37273963515875
            ],
            [
              2.1905380496067757,
              42.325286159524424
            ],
            [
              2.205508670492984,
              42.28036592997221
            ],
            [
              2.102887721575409,
              42.28464435936698
            ],
            [
              2.0096974255125915,
              42.22804344552523
            ],
            [
              1.9746894450868497,
              42.315160276028514
            ],
            [
              1.8427493908923531,
              42.28114449809074
            ],
            [
              1.9374028225452582,
              42.371801390608276
            ],
            [
              1.7353738321638468,
              42.428383714685005
            ],
            [
              1.7489147374341516,
              42.48811121014698
            ],
            [
              1.7780245239247354,
              42.537345684895506
            ],
            [
              1.8413534760358876,
              42.62099094757001
            ],
            [
              2.008781308195695,
              42.62981475048118
            ],
            [
              2.0512276980913455,
              42.649330684188165
            ]
          ]
        ]
      }
    },
    {
      "type": "Feature",
      "properties": {
        "name": "Zone 192",
        "superficie": 3279,
        "population": 5570,
        "layer": "Layer 4",
        "color": "yellow",
        "opacity": 0.15
      },
      "geometry": {
        "type": "Polygon",
        "coordinates": [
          [
            [
              3.4128626635564334,
              46.81534996916076
            ],
            [
              3.4589285091971638,
              46.87304587459378
            ],
            [
              3.5050557273989114,
              46.81280998847184
            ],
            [
              3.7387340849522617,
              46.727161090233054
            ],
            [
              3.464586480996177,
              46.62659916285496
            ],
            [
              3.624646576551058,
              46.566591432914464
            ],
            [
              3.530703939257861,
              46.5239526913716
            ],
            [
              3.4791278883330916,
              46.50337340976343
            ],
            [
              3.351476118525046,
              46.46397957741184
            ],
            [
              3.2794061618027093,
              46.46157902708491
            ],
            [
              3.1715315487031157,
              46.56790430987725
            ],
            [
              3.129962087087078,
              46.63254086190931
            ],
            [
              3.126256780654657,
              46.70280557350234
            ],
            [
              3.3345964953440776,
              46.818485409616706
            ],
            [
              3.3504032962869963,
              46.81122056509242
            ],
            [
              3.4128626635564334,
              46.81534996916076
            ]
          ]
        ]
      }
    },
    {
      "type": "Feature",
      "properties": {
        "name": "Zone 193",
        "superficie": 7256,
        "population": 8884,
        "layer": "Layer 1",
        "color": "red",
        "opacity": 0.15
      },
      "geometry": {
        "type": "Polygon",
        "coordinates": [
          [
            [
              -1.9851652450223076,
              43.41241819901443
            ],
            [
              -1.8231721899217908,
              43.35823846792535
            ],
            [
              -1.8465005592966126,
              43.22869395457089
            ],
            [
              -1.863704149906721,
              43.108835228372556
            ],
            [
              -1.7866587129316982,
              43.00526404957931
            ],
            [
              -1.9851652450223076,
              42.97668279133731
            ],
            [
              -2.0873692705236073,
              43.00164871763997
            ],
            [
              -2.0606142772818252,
              43.1214018737273
            ],
            [
              -2.163558963785576,
              43.238998012861266
            ],
            [
              -2.1860116286827926,
              43.323507606055145
            ],
            [
              -1.9851652450223076,
              43.41241819901443
            ]
          ]
        ]
      }
    },
    {
      "type": "Feature",
      "properties": {
        "name": "Zone 194",
        "superficie": 3503,
        "population": 9434,
        "layer": "Layer 2",
        "color": "blue",
        "opacity": 0.15
      },
      "geometry": {
        "type": "Polygon",
        "coordinates": [
          [
            [
              4.769062277396312,
              50.673169596874665
            ],
            [
              4.933609010503985,
              50.657541755552806
            ],
            [
              5.024588777452053,
              50.563081921715806
            ],
            [
              4.898341756885732,
              50.44416319937107
            ],
            [
              4.86061138528459,
              50.32436440270101
            ],
            [
              4.769062277396312,
              50.302414166266
            ],
            [
              4.584922235948846,
              50.35210571341231
            ],
            [
              4.596502174947073,
              50.42478946875179
            ],
            [
              4.601471047737565,
              50.552194699097996
            ],
            [
              4.609317539901305,
              50.68252665361513
            ],
            [
              4.769062277396312,
              50.673169596874665
            ]
          ]
        ]
      }
    },
    {
      "type": "Feature",
      "properties": {
        "name": "Zone 195",
        "superficie": 7654,
        "population": 910,
        "layer": "Layer 3",
        "color": "green",
        "opacity": 0.15
      },
      "geometry": {
        "type": "Polygon",
        "coordinates": [
          [
            [
              5.891159729765681,
              49.69433576679641
            ],
            [
              5.953718177403953,
              49.75794229689446
            ],
            [
              6.133428266720285,
              49.70490483526966
            ],
            [
              6.066504553667599,
              49.59375271486567
            ],
            [
              5.966165668015415,
              49.52339388415888
            ],
            [
              6.048426710445649,
              49.42885621104939
            ],
            [
              5.992361130941046,
              49.356551241988434
            ],
            [
              5.959653313452886,
              49.38676840667171
            ],
            [
              5.855624858921952,
              49.36815258038064
            ],
            [
              5.744068599867532,
              49.38101162838415
            ],
            [
              5.84401837288745,
              49.43284569350119
            ],
            [
              5.737392847029026,
              49.52225013473204
            ],
            [
              5.704540499338434,
              49.58958751864156
            ],
            [
              5.771578759436803,
              49.674318270093266
            ],
            [
              5.8200397584121,
              49.69450024492106
            ],
            [
              5.891159729765681,
              49.69433576679641
            ]
          ]
        ]
      }
    },
    {
      "type": "Feature",
      "properties": {
        "name": "Zone 196",
        "superficie": 4454,
        "population": 4177,
        "layer": "Layer 4",
        "color": "yellow",
        "opacity": 0.15
      },
      "geometry": {
        "type": "Polygon",
        "coordinates": [
          [
            [
              5.991827245549402,
              49.33755024730569
            ],
            [
              6.065025891494838,
              49.3582948562283
            ],
            [
              6.193991325664707,
              49.297210474523084
            ],
            [
              6.217149022934248,
              49.30272790501864
            ],
            [
              6.073401246290379,
              49.23138916411158
            ],
            [
              6.158421537698993,
              49.15746977851302
            ],
            [
              6.086246729537453,
              49.095867182053944
            ],
            [
              6.219615273082385,
              49.05732885220544
            ],
            [
              6.148431224720485,
              48.97002109010916
            ],
            [
              6.020537117011795,
              48.950122566489554
            ],
            [
              5.962543762996397,
              48.93243777323525
            ],
            [
              5.88527794978567,
              49.043488139069
            ],
            [
              5.856954982942934,
              49.03071539019897
            ],
            [
              5.727911775438927,
              49.08509444287749
            ],
            [
              5.855517106672376,
              49.162957302567726
            ],
            [
              5.867258585812721,
              49.218784163917526
            ],
            [
              5.749065092044231,
              49.273656283891825
            ],
            [
              5.887167181494038,
              49.34999414689418
            ],
            [
              5.90184814766686,
              49.40315159570091
            ],
            [
              5.991827245549402,
              49.33755024730569
            ]
          ]
        ]
      }
    },
    {
      "type": "Feature",
      "properties": {
        "name": "Zone 197",
        "superficie": 6862,
        "population": 2761,
        "layer": "Layer 1",
        "color": "red",
        "opacity": 0.15
      },
      "geometry": {
        "type": "Polygon",
        "coordinates": [
          [
            [
              0.6806248818523581,
              43.80968433541356
            ],
            [
              0.7859765849258274,
              43.73051655201273
            ],
            [
              0.8193468991437223,
              43.7230220838165
            ],
            [
              0.9322914723898872,
              43.66392979988362
            ],
            [
              0.9836903044798551,
              43.586774700369894
            ],
            [
              0.9865803714357344,
              43.506001814437695
            ],
            [
              0.9394100534705307,
              43.47437907044981
            ],
            [
              0.7996005779801878,
              43.3811032583122
            ],
            [
              0.7435320899870742,
              43.34806372071942
            ],
            [
              0.6555657692791081,
              43.33803576860206
            ],
            [
              0.5146172352192799,
              43.41700529917769
            ],
            [
              0.41087112607378706,
              43.47445548879761
            ],
            [
              0.545791963919328,
              43.52849355899259
            ],
            [
              0.42049841679784206,
              43.592516797171584
            ],
            [
              0.37685505659263285,
              43.6789830439534
            ],
            [
              0.5460349052276827,
              43.72245633435999
            ],
            [
              0.6362577099489608,
              43.73217188639448
            ],
            [
              0.6806248818523581,
              43.80968433541356
            ]
          ]
        ]
      }
    },
    {
      "type": "Feature",
      "properties": {
        "name": "Zone 198",
        "superficie": 6568,
        "population": 6256,
        "layer": "Layer 2",
        "color": "blue",
        "opacity": 0.15
      },
      "geometry": {
        "type": "Polygon",
        "coordinates": [
          [
            [
              -3.1382795667142047,
              46.62750999525163
            ],
            [
              -3.0629193239041252,
              46.590250688301275
            ],
            [
              -3.00939720559594,
              46.54933426045547
            ],
            [
              -2.8304099647520062,
              46.485022385436885
            ],
            [
              -2.994105640976127,
              46.41038254550678
            ],
            [
              -3.0831435434360497,
              46.31476196786148
            ],
            [
              -2.933857938340388,
              46.23906589963781
            ],
            [
              -3.1048505190233637,
              46.187509270482124
            ],
            [
              -3.1382795667142047,
              46.2216402673192
            ],
            [
              -3.2234213892098875,
              46.266804968190016
            ],
            [
              -3.288491172853014,
              46.254842440052165
            ],
            [
              -3.2065819766299994,
              46.322840605343906
            ],
            [
              -3.293367533048834,
              46.41038254550678
            ],
            [
              -3.3179526645823154,
              46.46908854553455
            ],
            [
              -3.360462762260018,
              46.54578043865932
            ],
            [
              -3.194982341420733,
              46.55964151672439
            ],
            [
              -3.1382795667142047,
              46.62750999525163
            ]
          ]
        ]
      }
    },
    {
      "type": "Feature",
      "properties": {
        "name": "Zone 199",
        "superficie": 7751,
        "population": 7212,
        "layer": "Layer 3",
        "color": "green",
        "opacity": 0.15
      },
      "geometry": {
        "type": "Polygon",
        "coordinates": [
          [
            [
              6.829319065470266,
              48.29953375210094
            ],
            [
              6.926406487333252,
              48.31783073968538
            ],
            [
              7.0103206248109045,
              48.230997356273335
            ],
            [
              7.069826477626227,
              48.173717784503516
            ],
            [
              6.935177241809927,
              48.08365534136875
            ],
            [
              7.041208070565158,
              47.984217867120066
            ],
            [
              6.881318569689267,
              47.9350259724082
            ],
            [
              6.829319065470266,
              47.94432825877176
            ],
            [
              6.786993070884703,
              47.98818627457355
            ],
            [
              6.571850583330528,
              47.9988865900776
            ],
            [
              6.70631553171067,
              48.08183111658848
            ],
            [
              6.567393240913708,
              48.17706757402512
            ],
            [
              6.575684048717481,
              48.22684354339111
            ],
            [
              6.695210084804706,
              48.28601093703737
            ],
            [
              6.829319065470266,
              48.29953375210094
            ]
          ]
        ]
      }
    },
    {
      "type": "Feature",
      "properties": {
        "name": "Zone 200",
        "superficie": 4344,
        "population": 1232,
        "layer": "Layer 4",
        "color": "yellow",
        "opacity": 0.15
      },
      "geometry": {
        "type": "Polygon",
        "coordinates": [
          [
            [
              -0.5500331569345684,
              49.233793921456034
            ],
            [
              -0.43425428340303074,
              49.20216076953356
            ],
            [
              -0.4752350894452398,
              49.1162790799833
            ],
            [
              -0.2323515133550863,
              49.00477463618834
            ],
            [
              -0.3543860756918762,
              48.893143598673454
            ],
            [
              -0.4920515868338388,
              48.82211580898521
            ],
            [
              -0.5500331569345684,
              48.797421533793575
            ],
            [
              -0.663061859977207,
              48.828373127603676
            ],
            [
              -0.61805202439734,
              48.91944293605603
            ],
            [
              -0.8992366777512482,
              49.00477463618834
            ],
            [
              -0.7141555999389544,
              49.090297407877905
            ],
            [
              -0.6665251816590685,
              49.14210413555961
            ],
            [
              -0.5500331569345684,
              49.233793921456034
            ]
          ]
        ]
      }
    },
    {
      "type": "Feature",
      "properties": {
        "name": "Zone 201",
        "superficie": 6131,
        "population": 8543,
        "layer": "Layer 1",
        "color": "red",
        "opacity": 0.15
      },
      "geometry": {
        "type": "Polygon",
        "coordinates": [
          [
            [
              3.4108696676761383,
              50.882155576577645
            ],
            [
              3.488894105060037,
              50.91032518802163
            ],
            [
              3.6117180230196064,
              50.82473050014431
            ],
            [
              3.605322564152541,
              50.806714369468544
            ],
            [
              3.7330141536072157,
              50.725328444317185
            ],
            [
              3.74772402006621,
              50.66171732556722
            ],
            [
              3.696021292226315,
              50.595414862919306
            ],
            [
              3.558672917562839,
              50.565554690963786
            ],
            [
              3.493229221491993,
              50.519853914639185
            ],
            [
              3.457893354633894,
              50.50111970817769
            ],
            [
              3.3746628161419947,
              50.514126903144515
            ],
            [
              3.3456293238945625,
              50.54178221093184
            ],
            [
              3.2139080152003774,
              50.5352180503655
            ],
            [
              3.177359551617053,
              50.61263343324987
            ],
            [
              3.243306015040327,
              50.66185588765165
            ],
            [
              3.112718661530659,
              50.715568371333454
            ],
            [
              3.299774262997017,
              50.78460313526019
            ],
            [
              3.216842311089677,
              50.843732062569764
            ],
            [
              3.3121959367635645,
              50.91329371904493
            ],
            [
              3.4108696676761383,
              50.882155576577645
            ]
          ]
        ]
      }
    },
    {
      "type": "Feature",
      "properties": {
        "name": "Zone 202",
        "superficie": 7708,
        "population": 8780,
        "layer": "Layer 2",
        "color": "blue",
        "opacity": 0.15
      },
      "geometry": {
        "type": "Polygon",
        "coordinates": [
          [
            [
              -3.805182090334063,
              49.134484172136034
            ],
            [
              -3.7185673940537787,
              49.0660547265489
            ],
            [
              -3.6624671084650218,
              49.01836253433881
            ],
            [
              -3.648570317672173,
              48.976758260211994
            ],
            [
              -3.482781939526918,
              48.88909818603922
            ],
            [
              -3.587219624290026,
              48.819565080413525
            ],
            [
              -3.5608489735258164,
              48.73068564759492
            ],
            [
              -3.6916839624293516,
              48.74306301738521
            ],
            [
              -3.805182090334063,
              48.67426137773019
            ],
            [
              -3.929723187430764,
              48.715467063342906
            ],
            [
              -3.927938163976572,
              48.71305992074271
            ],
            [
              -3.8854911351575248,
              48.81999590178209
            ],
            [
              -4.122521464539029,
              48.88909818603922
            ],
            [
              -3.919894003150871,
              48.96748914203317
            ],
            [
              -3.8554223046688336,
              49.030514770279204
            ],
            [
              -3.865514789038444,
              49.1151115728419
            ],
            [
              -3.805182090334063,
              49.134484172136034
            ]
          ]
        ]
      }
    },
    {
      "type": "Feature",
      "properties": {
        "name": "Zone 203",
        "superficie": 5050,
        "population": 5287,
        "layer": "Layer 3",
        "color": "green",
        "opacity": 0.15
      },
      "geometry": {
        "type": "Polygon",
        "coordinates": [
          [
            [
              -0.8231127339079265,
              43.585568736447776
            ],
            [
              -0.7537356697997121,
              43.57630770482783
            ],
            [
              -0.6834883530286148,
              43.518476152125295
            ],
            [
              -0.6343783521889667,
              43.42712241852803
            ],
            [
              -0.6816782129694032,
              43.33599018496071
            ],
            [
              -0.7038425181569758,
              43.222465403684595
            ],
            [
              -0.8231127339079265,
              43.19358792256807
            ],
            [
              -0.9198667748236484,
              43.21554148950014
            ],
            [
              -1.0948195596133932,
              43.3063733205992
            ],
            [
              -1.1228094369021004,
              43.42712241852803
            ],
            [
              -0.9336422650149792,
              43.513655223614144
            ],
            [
              -0.8922589831460881,
              43.59749536406038
            ],
            [
              -0.8231127339079265,
              43.585568736447776
            ]
          ]
        ]
      }
    },
    {
      "type": "Feature",
      "properties": {
        "name": "Zone 204",
        "superficie": 3035,
        "population": 3093,
        "layer": "Layer 4",
        "color": "yellow",
        "opacity": 0.15
      },
      "geometry": {
        "type": "Polygon",
        "coordinates": [
          [
            [
              -4.738576052797492,
              46.272640399433826
            ],
            [
              -4.69472100598292,
              46.22672477588479
            ],
            [
              -4.531126454350288,
              46.230298218056156
            ],
            [
              -4.5093214833585655,
              46.1218984488117
            ],
            [
              -4.65368798686431,
              46.09375402101937
            ],
            [
              -4.456962772008795,
              46.018407453839366
            ],
            [
              -4.499246046169018,
              45.94749449802518
            ],
            [
              -4.596236639358456,
              45.89899283033935
            ],
            [
              -4.666491602413028,
              45.89054227986544
            ],
            [
              -4.71221575862607,
              45.79873374222909
            ],
            [
              -4.752616072179941,
              45.84616586282601
            ],
            [
              -4.764963172734267,
              45.87679441964592
            ],
            [
              -4.925686031511888,
              45.87968748279196
            ],
            [
              -4.931525602653965,
              45.94456345993731
            ],
            [
              -4.8695070139803205,
              46.01727717677077
            ],
            [
              -4.938456662031777,
              46.09111118444448
            ],
            [
              -4.86740066898125,
              46.16649103805651
            ],
            [
              -4.931214952454156,
              46.20407245013397
            ],
            [
              -4.82275139272202,
              46.19978170668728
            ],
            [
              -4.738576052797492,
              46.272640399433826
            ]
          ]
        ]
      }
    },
    {
      "type": "Feature",
      "properties": {
        "name": "Zone 205",
        "superficie": 7972,
        "population": 7908,
        "layer": "Layer 1",
        "color": "red",
        "opacity": 0.15
      },
      "geometry": {
        "type": "Polygon",
        "coordinates": [
          [
            [
              7.696397365545014,
              49.364978212165425
            ],
            [
              7.733884439463731,
              49.307601570155796
            ],
            [
              7.784026455439794,
              49.26791591446144
            ],
            [
              7.937884023229216,
              49.17153527572149
            ],
            [
              7.839531347910452,
              49.089685617576556
            ],
            [
              7.845290351247807,
              49.01247663636228
            ],
            [
              7.820860186277288,
              48.961110358725925
            ],
            [
              7.696397365545014,
              48.91082583949474
            ],
            [
              7.673022197083432,
              48.98928668580015
            ],
            [
              7.516844743018833,
              49.00377782607649
            ],
            [
              7.633526306273689,
              49.08857309845982
            ],
            [
              7.507018297662813,
              49.18370306607488
            ],
            [
              7.557552372208082,
              49.23136042516433
            ],
            [
              7.613622376539189,
              49.33394668521391
            ],
            [
              7.696397365545014,
              49.364978212165425
            ]
          ]
        ]
      }
    },
    {
      "type": "Feature",
      "properties": {
        "name": "Zone 206",
        "superficie": 4393,
        "population": 4916,
        "layer": "Layer 2",
        "color": "blue",
        "opacity": 0.15
      },
      "geometry": {
        "type": "Polygon",
        "coordinates": [
          [
            [
              7.178103181058594,
              43.83623877432166
            ],
            [
              7.215272575681822,
              43.79539149680649
            ],
            [
              7.458122411953557,
              43.72193169344024
            ],
            [
              7.4053059682078395,
              43.6248005748794
            ],
            [
              7.2447652381410625,
              43.5405073636514
            ],
            [
              7.22850781453266,
              43.474817351226875
            ],
            [
              7.178103181058594,
              43.416359734191836
            ],
            [
              7.079105678150999,
              43.47714368504599
            ],
            [
              6.947181940037607,
              43.52557092950738
            ],
            [
              6.841985465534895,
              43.6248005748794
            ],
            [
              6.878818881121263,
              43.71305679568392
            ],
            [
              7.054189605219075,
              43.79195733320991
            ],
            [
              7.178103181058594,
              43.83623877432166
            ]
          ]
        ]
      }
    },
    {
      "type": "Feature",
      "properties": {
        "name": "Zone 207",
        "superficie": 3512,
        "population": 5798,
        "layer": "Layer 3",
        "color": "green",
        "opacity": 0.15
      },
      "geometry": {
        "type": "Polygon",
        "coordinates": [
          [
            [
              -0.8093854618568059,
              45.13591674607691
            ],
            [
              -0.7740091263519218,
              45.14364413075901
            ],
            [
              -0.7666587886386578,
              45.1173987559991
            ],
            [
              -0.7034257804496604,
              45.04792509856014
            ],
            [
              -0.5945521688386133,
              44.952809808226576
            ],
            [
              -0.5423810125311714,
              44.89615611899484
            ],
            [
              -0.5822897493042551,
              44.79083342959932
            ],
            [
              -0.7704273252946626,
              44.798632354578025
            ],
            [
              -0.7760798612204581,
              44.72487685947391
            ],
            [
              -0.846534895486436,
              44.75932315740133
            ],
            [
              -0.911504073035386,
              44.78740465972352
            ],
            [
              -1.0082975850017186,
              44.83287236389827
            ],
            [
              -1.110596940938922,
              44.876433916169276
            ],
            [
              -0.9679751475328717,
              44.95233597958685
            ],
            [
              -1.0285893102997552,
              45.04284842429941
            ],
            [
              -0.9479407169220697,
              45.09172654511484
            ],
            [
              -0.9258771882819855,
              45.08144909008198
            ],
            [
              -0.8093854618568059,
              45.13591674607691
            ]
          ]
        ]
      }
    },
    {
      "type": "Feature",
      "properties": {
        "name": "Zone 208",
        "superficie": 4072,
        "population": 5197,
        "layer": "Layer 4",
        "color": "yellow",
        "opacity": 0.15
      },
      "geometry": {
        "type": "Polygon",
        "coordinates": [
          [
            [
              1.4369570864862542,
              47.960380181687384
            ],
            [
              1.615636297796875,
              47.93536243858724
            ],
            [
              1.5661429876481419,
              47.88699837437944
            ],
            [
              1.54430138718683,
              47.763771896124865
            ],
            [
              1.5010366379337412,
              47.68395174854196
            ],
            [
              1.4658938246133824,
              47.57278854677348
            ],
            [
              1.373168538219006,
              47.6408062166461
            ],
            [
              1.2292363850681964,
              47.66837238675272
            ],
            [
              1.2094156561148335,
              47.765864719238124
            ],
            [
              1.1556186829299127,
              47.88296956334486
            ],
            [
              1.3999673009672016,
              47.981438601582404
            ],
            [
              1.4369570864862542,
              47.960380181687384
            ]
          ]
        ]
      }
    },
    {
      "type": "Feature",
      "properties": {
        "name": "Zone 209",
        "superficie": 3795,
        "population": 5904,
        "layer": "Layer 1",
        "color": "red",
        "opacity": 0.15
      },
      "geometry": {
        "type": "Polygon",
        "coordinates": [
          [
            [
              2.0945238969544215,
              48.28111074963426
            ],
            [
              2.253711031565734,
              48.20408143960897
            ],
            [
              2.3330039262219286,
              48.10229153794174
            ],
            [
              2.1877573607046914,
              47.98065381249715
            ],
            [
              2.2582008719884406,
              47.884562853804546
            ],
            [
              2.0945238969544215,
              47.821999104121026
            ],
            [
              1.9745148776021013,
              47.85367346229197
            ],
            [
              1.7621741749548647,
              47.98760972637944
            ],
            [
              1.9588002486784872,
              48.08340426422133
            ],
            [
              1.9341306245659895,
              48.17161171183766
            ],
            [
              2.0945238969544215,
              48.28111074963426
            ]
          ]
        ]
      }
    },
    {
      "type": "Feature",
      "properties": {
        "name": "Zone 210",
        "superficie": 6987,
        "population": 6009,
        "layer": "Layer 2",
        "color": "blue",
        "opacity": 0.15
      },
      "geometry": {
        "type": "Polygon",
        "coordinates": [
          [
            [
              6.208757465640925,
              47.69209759787494
            ],
            [
              6.318930642169566,
              47.66669698176963
            ],
            [
              6.262578790571395,
              47.578312821088
            ],
            [
              6.4023249706967045,
              47.53301357368685
            ],
            [
              6.29392901738701,
              47.446557383339545
            ],
            [
              6.3923019666042284,
              47.389545954290156
            ],
            [
              6.2616803473724305,
              47.310697113595126
            ],
            [
              6.2804355886552985,
              47.246475615362904
            ],
            [
              6.160289170163912,
              47.24992635102745
            ],
            [
              6.169427571249209,
              47.283686802433984
            ],
            [
              6.074860783093006,
              47.36290532351731
            ],
            [
              6.1091194550582255,
              47.448312372724615
            ],
            [
              6.001979470100851,
              47.51379024795465
            ],
            [
              5.99047126273714,
              47.614853741308835
            ],
            [
              6.1227076364274575,
              47.68749138787633
            ],
            [
              6.208757465640925,
              47.69209759787494
            ]
          ]
        ]
      }
    },
    {
      "type": "Feature",
      "properties": {
        "name": "Zone 211",
        "superficie": 6249,
        "population": 862,
        "layer": "Layer 3",
        "color": "green",
        "opacity": 0.15
      },
      "geometry": {
        "type": "Polygon",
        "coordinates": [
          [
            [
              2.6253517142956166,
              45.241164532114816
            ],
            [
              2.666448688950393,
              45.16310676883982
            ],
            [
              2.6939042423537054,
              45.11625977641557
            ],
            [
              2.839505881518542,
              45.08555897445651
            ],
            [
              2.7364952027203477,
              45.02919856111755
            ],
            [
              2.8241511573883105,
              44.96366019623581
            ],
            [
              2.785112061166818,
              44.91378641250799
            ],
            [
              2.695030950194443,
              44.859585913258904
            ],
            [
              2.6496643519823024,
              44.77849002386765
            ],
            [
              2.6253517142956166,
              44.7704816477384
            ],
            [
              2.5665937194703115,
              44.809119098906905
            ],
            [
              2.579576891894439,
              44.82119962174923
            ],
            [
              2.5587690945463777,
              44.92142666291269
            ],
            [
              2.3807692594245458,
              44.96657483311111
            ],
            [
              2.4826064638029175,
              45.036815333228326
            ],
            [
              2.4896501341062907,
              45.108609972465025
            ],
            [
              2.4452886103413265,
              45.1697269931347
            ],
            [
              2.5244487495677927,
              45.17214133054973
            ],
            [
              2.6253517142956166,
              45.241164532114816
            ]
          ]
        ]
      }
    },
    {
      "type": "Feature",
      "properties": {
        "name": "Zone 212",
        "superficie": 5729,
        "population": 4230,
        "layer": "Layer 4",
        "color": "yellow",
        "opacity": 0.15
      },
      "geometry": {
        "type": "Polygon",
        "coordinates": [
          [
            [
              3.2508708369873016,
              45.75225512686073
            ],
            [
              3.3230965695949344,
              45.743407001362414
            ],
            [
              3.3201058495763385,
              45.66252506787286
            ],
            [
              3.413783440235706,
              45.63074931451292
            ],
            [
              3.3179885308485546,
              45.53722411482399
            ],
            [
              3.4268637377273325,
              45.47218975218698
            ],
            [
              3.3888679412658695,
              45.40207484242902
            ],
            [
              3.3930785249593605,
              45.342811860608165
            ],
            [
              3.300647930188549,
              45.30147349881578
            ],
            [
              3.222463896488381,
              45.31753043129273
            ],
            [
              3.123270260909816,
              45.33375033700796
            ],
            [
              3.0948558861837268,
              45.378152588877626
            ],
            [
              3.172938307935588,
              45.47625754950594
            ],
            [
              3.1930135624644858,
              45.541403612968324
            ],
            [
              3.1707288384499033,
              45.59869960878004
            ],
            [
              3.0534448037465935,
              45.69655030213372
            ],
            [
              3.185088862905878,
              45.7319110976207
            ],
            [
              3.2508708369873016,
              45.75225512686073
            ]
          ]
        ]
      }
    },
    {
      "type": "Feature",
      "properties": {
        "name": "Zone 213",
        "superficie": 3654,
        "population": 7360,
        "layer": "Layer 1",
        "color": "red",
        "opacity": 0.15
      },
      "geometry": {
        "type": "Polygon",
        "coordinates": [
          [
            [
              0.031701784984479175,
              51.06477686662374
            ],
            [
              0.056179752600333886,
              51.00801810800194
            ],
            [
              0.22843901036477668,
              50.95693846520331
            ],
            [
              0.1433989519118651,
              50.92825193399404
            ],
            [
              0.08845367356763384,
              50.85312494000686
            ],
            [
              0.35020788741092784,
              50.786718298994415
            ],
            [
              0.30302725502608224,
              50.69789582545022
            ],
            [
              0.1110459473814542,
              50.692770784405425
            ],
            [
              0.05646030853291608,
              50.613294239470335
            ],
            [
              0.031701784984479196,
              50.665898509981794
            ],
            [
              -0.04212606075637086,
              50.60758246266529
            ],
            [
              -0.023070496676367423,
              50.63377759920185
            ],
            [
              -0.09279298023755427,
              50.741579140977464
            ],
            [
              -0.18077848368431923,
              50.775286079779384
            ],
            [
              -0.21975132178151324,
              50.853064996696666
            ],
            [
              -0.14769590900603896,
              50.894004293337915
            ],
            [
              -0.18525817797510846,
              50.94758277758597
            ],
            [
              -0.06794882834700328,
              51.01270023401607
            ],
            [
              0.031701784984479175,
              51.06477686662374
            ]
          ]
        ]
      }
    },
    {
      "type": "Feature",
      "properties": {
        "name": "Zone 214",
        "superficie": 3146,
        "population": 6296,
        "layer": "Layer 2",
        "color": "blue",
        "opacity": 0.15
      },
      "geometry": {
        "type": "Polygon",
        "coordinates": [
          [
            [
              6.536317746765651,
              48.967565055351
            ],
            [
              6.651685316448271,
              49.00038159038577
            ],
            [
              6.757330940754355,
              48.93995932510629
            ],
            [
              6.807603952772619,
              48.883501754196416
            ],
            [
              6.749604609972908,
              48.81096029220745
            ],
            [
              6.708350915449209,
              48.74410119722155
            ],
            [
              6.672102172319839,
              48.693895179011335
            ],
            [
              6.648194678378541,
              48.65426285655113
            ],
            [
              6.569355155262924,
              48.57156875207202
            ],
            [
              6.536317746765651,
              48.566199051652134
            ],
            [
              6.426884161922729,
              48.59067839257988
            ],
            [
              6.43895329664613,
              48.65329121639601
            ],
            [
              6.311043417213631,
              48.69566733861832
            ],
            [
              6.362779648436507,
              48.75054824420199
            ],
            [
              6.429798383507772,
              48.81633815329978
            ],
            [
              6.416993938448187,
              48.8766949714484
            ],
            [
              6.344756547725816,
              48.96921015316025
            ],
            [
              6.437313305523232,
              49.002580627808406
            ],
            [
              6.536317746765651,
              48.967565055351
            ]
          ]
        ]
      }
    },
    {
      "type": "Feature",
      "properties": {
        "name": "Zone 215",
        "superficie": 7004,
        "population": 9599,
        "layer": "Layer 3",
        "color": "green",
        "opacity": 0.15
      },
      "geometry": {
        "type": "Polygon",
        "coordinates": [
          [
            [
              1.00087814341438,
              44.93957400913555
            ],
            [
              1.0769462138445542,
              45.00563703424822
            ],
            [
              1.103629867432902,
              44.923860750496104
            ],
            [
              1.2007845725252544,
              44.891079375856954
            ],
            [
              1.069902941423418,
              44.81084464122191
            ],
            [
              1.0632175473378214,
              44.73330528985738
            ],
            [
              1.1089256563162295,
              44.65185473422666
            ],
            [
              1.1613178720067447,
              44.59979845101482
            ],
            [
              1.0505900696023356,
              44.54829321171047
            ],
            [
              0.9701177892210537,
              44.62827942142109
            ],
            [
              0.8549030406347029,
              44.59655552083878
            ],
            [
              0.8957324219159014,
              44.68982838358303
            ],
            [
              0.8305419712116214,
              44.721924725791496
            ],
            [
              0.6882757153644575,
              44.802072253216856
            ],
            [
              0.8994959182683433,
              44.88012807286563
            ],
            [
              0.8138226682248388,
              44.93347078483211
            ],
            [
              0.925143793437139,
              45.00329942916306
            ],
            [
              1.00087814341438,
              44.93957400913555
            ]
          ]
        ]
      }
    },
    {
      "type": "Feature",
      "properties": {
        "name": "Zone 216",
        "superficie": 7502,
        "population": 6672,
        "layer": "Layer 4",
        "color": "yellow",
        "opacity": 0.15
      },
      "geometry": {
        "type": "Polygon",
        "coordinates": [
          [
            [
              2.2307532445587057,
              50.34639286749231
            ],
            [
              2.2774119704841254,
              50.34798943121476
            ],
            [
              2.3034420495273253,
              50.247168780654675
            ],
            [
              2.3512109884754864,
              50.19147386466549
            ],
            [
              2.2947034540416946,
              50.11757429773098
            ],
            [
              2.514261697227489,
              50.031347186196804
            ],
            [
              2.4363769837655904,
              50.01115657310601
            ],
            [
              2.2758547377107017,
              49.966923352442514
            ],
            [
              2.2307532445587057,
              49.88564481190927
            ],
            [
              2.1168487159994887,
              49.930220642226
            ],
            [
              2.054830512061917,
              49.97503161054441
            ],
            [
              1.9111433310770045,
              50.0421325320806
            ],
            [
              1.9607657121166104,
              50.11757429773098
            ],
            [
              2.0126014399403,
              50.20957749453909
            ],
            [
              2.191288954712469,
              50.28575521082025
            ],
            [
              2.160411726608306,
              50.30139348261219
            ],
            [
              2.2307532445587057,
              50.34639286749231
            ]
          ]
        ]
      }
    },
    {
      "type": "Feature",
      "properties": {
        "name": "Zone 217",
        "superficie": 5896,
        "population": 87,
        "layer": "Layer 1",
        "color": "red",
        "opacity": 0.15
      },
      "geometry": {
        "type": "Polygon",
        "coordinates": [
          [
            [
              1.7385024603279646,
              44.08407808177833
            ],
            [
              1.8879586332055918,
              43.996791048225006
            ],
            [
              1.9855796620943091,
              44.009218450700956
            ],
            [
              1.8533315284921563,
              43.89724970102418
            ],
            [
              2.033035356331016,
              43.80401874417978
            ],
            [
              1.868821936613158,
              43.73034764716919
            ],
            [
              1.8758107270159046,
              43.70613424848237
            ],
            [
              1.7385024603279646,
              43.652277170992754
            ],
            [
              1.7153780090254809,
              43.6992945392376
            ],
            [
              1.6551362202456843,
              43.74145870283009
            ],
            [
              1.4683991867788997,
              43.81901031742129
            ],
            [
              1.578602538396554,
              43.912377887711315
            ],
            [
              1.522732984416267,
              43.96661840183399
            ],
            [
              1.704328023448727,
              44.00616147428446
            ],
            [
              1.7385024603279646,
              44.08407808177833
            ]
          ]
        ]
      }
    },
    {
      "type": "Feature",
      "properties": {
        "name": "Zone 218",
        "superficie": 7084,
        "population": 4282,
        "layer": "Layer 2",
        "color": "blue",
        "opacity": 0.15
      },
      "geometry": {
        "type": "Polygon",
        "coordinates": [
          [
            [
              6.694340677759774,
              47.79249612014284
            ],
            [
              6.80346611250239,
              47.744601701528104
            ],
            [
              6.895713147822654,
              47.64568997990128
            ],
            [
              6.845209119717849,
              47.53112365434103
            ],
            [
              6.775215219399195,
              47.43941846719311
            ],
            [
              6.694340677759774,
              47.39727337093546
            ],
            [
              6.503085827385197,
              47.43949696851867
            ],
            [
              6.511247734371068,
              47.543845846318135
            ],
            [
              6.602083086313719,
              47.64192022767737
            ],
            [
              6.536505292005144,
              47.739163102560354
            ],
            [
              6.694340677759774,
              47.79249612014284
            ]
          ]
        ]
      }
    },
    {
      "type": "Feature",
      "properties": {
        "name": "Zone 219",
        "superficie": 7085,
        "population": 1680,
        "layer": "Layer 3",
        "color": "green",
        "opacity": 0.15
      },
      "geometry": {
        "type": "Polygon",
        "coordinates": [
          [
            [
              0.32830359196172765,
              47.19345805506662
            ],
            [
              0.3556040714395615,
              47.26202153543795
            ],
            [
              0.4938693027920008,
              47.20625281178871
            ],
            [
              0.5725756085997505,
              47.094049028234075
            ],
            [
              0.639449714343507,
              47.02087527301212
            ],
            [
              0.5840846913607469,
              46.94253708053374
            ],
            [
              0.4043824479168093,
              46.846841023069985
            ],
            [
              0.36822610956718,
              46.86087057131831
            ],
            [
              0.27088146539641844,
              46.82480784761244
            ],
            [
              0.16343261283607352,
              46.88546803954523
            ],
            [
              0.10450990645403932,
              46.945249968938285
            ],
            [
              0.24423911032516382,
              47.02145400392022
            ],
            [
              0.05032913726521071,
              47.09542039421438
            ],
            [
              0.24950339413748981,
              47.15207391777743
            ],
            [
              0.2194015083834695,
              47.25198133817984
            ],
            [
              0.32830359196172765,
              47.19345805506662
            ]
          ]
        ]
      }
    },
    {
      "type": "Feature",
      "properties": {
        "name": "Zone 220",
        "superficie": 5220,
        "population": 6587,
        "layer": "Layer 4",
        "color": "yellow",
        "opacity": 0.15
      },
      "geometry": {
        "type": "Polygon",
        "coordinates": [
          [
            [
              5.103677652176401,
              44.120356212540734
            ],
            [
              5.198047910935457,
              44.1113814424192
            ],
            [
              5.167861374226677,
              44.00597150207808
            ],
            [
              5.225187466163573,
              43.90698865714779
            ],
            [
              5.236689380817512,
              43.821251444096234
            ],
            [
              5.211294247522155,
              43.74558591098757
            ],
            [
              5.103677652176401,
              43.69827054793245
            ],
            [
              4.9495116123002925,
              43.750976485806135
            ],
            [
              4.952054088989065,
              43.787888528885524
            ],
            [
              4.991482920569638,
              43.90698865714779
            ],
            [
              4.806509348477242,
              43.98471548938039
            ],
            [
              5.01774212694072,
              44.10396466695347
            ],
            [
              5.103677652176401,
              44.120356212540734
            ]
          ]
        ]
      }
    },
    {
      "type": "Feature",
      "properties": {
        "name": "Zone 221",
        "superficie": 4342,
        "population": 2331,
        "layer": "Layer 1",
        "color": "red",
        "opacity": 0.15
      },
      "geometry": {
        "type": "Polygon",
        "coordinates": [
          [
            [
              7.429781008729092,
              44.92401951636113
            ],
            [
              7.565908330849868,
              44.89640109087581
            ],
            [
              7.642126009242681,
              44.829472531384646
            ],
            [
              7.628290231362852,
              44.719948815500736
            ],
            [
              7.726781041787155,
              44.608503062777224
            ],
            [
              7.584817260271783,
              44.545043640419756
            ],
            [
              7.503468784570179,
              44.51788518831184
            ],
            [
              7.378249062671749,
              44.53046592670846
            ],
            [
              7.348930282489911,
              44.563234297107265
            ],
            [
              7.352114687295809,
              44.63754880019605
            ],
            [
              7.324801829013195,
              44.719506742523066
            ],
            [
              7.260862860031079,
              44.81886063878412
            ],
            [
              7.271514596270633,
              44.85378865586388
            ],
            [
              7.429781008729092,
              44.92401951636113
            ]
          ]
        ]
      }
    },
    {
      "type": "Feature",
      "properties": {
        "name": "Zone 222",
        "superficie": 5604,
        "population": 3305,
        "layer": "Layer 2",
        "color": "blue",
        "opacity": 0.15
      },
      "geometry": {
        "type": "Polygon",
        "coordinates": [
          [
            [
              0.13466644884951062,
              49.47101883047963
            ],
            [
              0.2552166229936965,
              49.442740061870175
            ],
            [
              0.3501620881275198,
              49.41651998494889
            ],
            [
              0.3169932274374061,
              49.33329445636038
            ],
            [
              0.24608328132043542,
              49.22392292692721
            ],
            [
              0.31607017883452027,
              49.12443379601983
            ],
            [
              0.20680273782991251,
              49.11470549726149
            ],
            [
              0.10998777526704014,
              49.082015830629196
            ],
            [
              0.01001935988118191,
              49.12364190503816
            ],
            [
              -0.0068129946018978815,
              49.222781351994165
            ],
            [
              -0.08417986528106566,
              49.32318534665266
            ],
            [
              0.07068809644942778,
              49.41944118671212
            ],
            [
              0.10647332648493743,
              49.44058837370392
            ],
            [
              0.13466644884951062,
              49.47101883047963
            ]
          ]
        ]
      }
    },
    {
      "type": "Feature",
      "properties": {
        "name": "Zone 223",
        "superficie": 7527,
        "population": 2912,
        "layer": "Layer 3",
        "color": "green",
        "opacity": 0.15
      },
      "geometry": {
        "type": "Polygon",
        "coordinates": [
          [
            [
              4.038438439131216,
              50.80169007145879
            ],
            [
              4.119922442760834,
              50.82855451432704
            ],
            [
              4.134831024697749,
              50.81400408026242
            ],
            [
              4.215538984228479,
              50.71346223457877
            ],
            [
              4.230172650435172,
              50.66286746062064
            ],
            [
              4.2449044867365435,
              50.57763795934274
            ],
            [
              4.1417549575673585,
              50.5099664450571
            ],
            [
              4.091554685000974,
              50.44280943681616
            ],
            [
              4.070694564112837,
              50.448424726396624
            ],
            [
              4.002741401638667,
              50.4194949762572
            ],
            [
              3.917569780590006,
              50.46990764154134
            ],
            [
              3.9558047343714198,
              50.54687295269475
            ],
            [
              3.809116753147244,
              50.58081418865512
            ],
            [
              3.690522907721753,
              50.665891640510814
            ],
            [
              3.784630332514762,
              50.72087356105671
            ],
            [
              3.8257177259107453,
              50.768590683762476
            ],
            [
              4.002057616156035,
              50.79065469226668
            ],
            [
              4.038438439131216,
              50.80169007145879
            ]
          ]
        ]
      }
    },
    {
      "type": "Feature",
      "properties": {
        "name": "Zone 224",
        "superficie": 4316,
        "population": 893,
        "layer": "Layer 4",
        "color": "yellow",
        "opacity": 0.15
      },
      "geometry": {
        "type": "Polygon",
        "coordinates": [
          [
            [
              -4.965801889383748,
              45.256449323153284
            ],
            [
              -4.885155575098988,
              45.25878857556494
            ],
            [
              -4.7172011796125215,
              45.2061291838232
            ],
            [
              -4.837883872756296,
              45.088789635536905
            ],
            [
              -4.842477289616394,
              44.98820041944286
            ],
            [
              -4.775795027909048,
              44.90387740732405
            ],
            [
              -4.923240283475598,
              44.86783728011647
            ],
            [
              -5.039017550584823,
              44.88860107249929
            ],
            [
              -5.033778869087884,
              44.94298083687634
            ],
            [
              -5.252551057873831,
              44.9931629569327
            ],
            [
              -5.313045061873295,
              45.08910098293457
            ],
            [
              -5.242744215112645,
              45.20257207261525
            ],
            [
              -5.009602685505339,
              45.27200855495129
            ],
            [
              -4.965801889383748,
              45.256449323153284
            ]
          ]
        ]
      }
    },
    {
      "type": "Feature",
      "properties": {
        "name": "Zone 225",
        "superficie": 6640,
        "population": 2914,
        "layer": "Layer 1",
        "color": "red",
        "opacity": 0.15
      },
      "geometry": {
        "type": "Polygon",
        "coordinates": [
          [
            [
              -1.2844922434437511,
              43.92241996545288
            ],
            [
              -1.2384649241041266,
              43.943646843875115
            ],
            [
              -1.044745165908497,
              43.87446434139399
            ],
            [
              -1.0769864138873666,
              43.79748324514151
            ],
            [
              -1.1921617896853538,
              43.71102885037371
            ],
            [
              -1.144059473290147,
              43.60262248606285
            ],
            [
              -1.2537138291362335,
              43.564742012734236
            ],
            [
              -1.3326141573019723,
              43.608268849647544
            ],
            [
              -1.5083840211974024,
              43.648250916519494
            ],
            [
              -1.4228299361862742,
              43.68341513876696
            ],
            [
              -1.5136615962471494,
              43.79521207884903
            ],
            [
              -1.517854611146228,
              43.89645647060047
            ],
            [
              -1.3228230229754034,
              43.97332523593198
            ],
            [
              -1.2844922434437511,
              43.92241996545288
            ]
          ]
        ]
      }
    },
    {
      "type": "Feature",
      "properties": {
        "name": "Zone 226",
        "superficie": 4121,
        "population": 312,
        "layer": "Layer 2",
        "color": "blue",
        "opacity": 0.15
      },
      "geometry": {
        "type": "Polygon",
        "coordinates": [
          [
            [
              0.05709105314602425,
              50.610689403446486
            ],
            [
              0.18898562143807984,
              50.59018761710215
            ],
            [
              0.3185031966079976,
              50.53432800338998
            ],
            [
              0.2749804830537767,
              50.4511374189486
            ],
            [
              0.2866632704147306,
              50.34206742471654
            ],
            [
              0.14209514312562826,
              50.31274358249713
            ],
            [
              0.1402074991338368,
              50.225173878261664
            ],
            [
              -0.0026819791125009818,
              50.253708747629666
            ],
            [
              -0.1722088077263845,
              50.25264883564072
            ],
            [
              -0.13571157487907837,
              50.358607849166525
            ],
            [
              -0.01893195215095307,
              50.451754839369634
            ],
            [
              -0.05675707753835131,
              50.51584028610478
            ],
            [
              -0.0008336005450889708,
              50.645384948900485
            ],
            [
              0.05709105314602425,
              50.610689403446486
            ]
          ]
        ]
      }
    },
    {
      "type": "Feature",
      "properties": {
        "name": "Zone 227",
        "superficie": 5229,
        "population": 5606,
        "layer": "Layer 3",
        "color": "green",
        "opacity": 0.15
      },
      "geometry": {
        "type": "Polygon",
        "coordinates": [
          [
            [
              -4.479791621897387,
              44.25991749912197
            ],
            [
              -4.419163693030087,
              44.19145755823573
            ],
            [
              -4.353113053218561,
              44.178147629090965
            ],
            [
              -4.3964901945689565,
              44.14036575899913
            ],
            [
              -4.389899057468881,
              44.060086755455266
            ],
            [
              -4.157510772594936,
              43.98132494581362
            ],
            [
              -4.428892970474495,
              43.93288074518554
            ],
            [
              -4.270146668314027,
              43.88022712989271
            ],
            [
              -4.433693947686147,
              43.804066865229764
            ],
            [
              -4.479791621897387,
              43.816578493649544
            ],
            [
              -4.522943082856445,
              43.85931343533235
            ],
            [
              -4.541098210187939,
              43.888304810193894
            ],
            [
              -4.658798297823665,
              43.89540607347761
            ],
            [
              -4.6792187434515675,
              43.976718323640526
            ],
            [
              -4.753182471389575,
              44.051205906128914
            ],
            [
              -4.7674254040310835,
              44.11644213968512
            ],
            [
              -4.6509313847981835,
              44.158816032631265
            ],
            [
              -4.525151544345353,
              44.1811460000515
            ],
            [
              -4.479791621897387,
              44.25991749912197
            ]
          ]
        ]
      }
    },
    {
      "type": "Feature",
      "properties": {
        "name": "Zone 228",
        "superficie": 7546,
        "population": 396,
        "layer": "Layer 4",
        "color": "yellow",
        "opacity": 0.15
      },
      "geometry": {
        "type": "Polygon",
        "coordinates": [
          [
            [
              3.356315951772853,
              45.760145119233414
            ],
            [
              3.3856644667338265,
              45.731844240501005
            ],
            [
              3.549688007966158,
              45.66457762207744
            ],
            [
              3.6824126562876507,
              45.5641837852816
            ],
            [
              3.5442411886341305,
              45.43790415717563
            ],
            [
              3.409894813322578,
              45.381285033708174
            ],
            [
              3.328041410480734,
              45.37248937876624
            ],
            [
              3.2435316361899313,
              45.465730078627836
            ],
            [
              3.1428780907146585,
              45.558775757125936
            ],
            [
              3.2935723104567067,
              45.684408949858344
            ],
            [
              3.2016657099276893,
              45.775220730663634
            ],
            [
              3.356315951772853,
              45.760145119233414
            ]
          ]
        ]
      }
    },
    {
      "type": "Feature",
      "properties": {
        "name": "Zone 229",
        "superficie": 4497,
        "population": 6566,
        "layer": "Layer 1",
        "color": "red",
        "opacity": 0.15
      },
      "geometry": {
        "type": "Polygon",
        "coordinates": [
          [
            [
              4.673634955049895,
              49.803319217445775
            ],
            [
              4.781406253167959,
              49.797325093900916
            ],
            [
              4.822642950202597,
              49.72018926948597
            ],
            [
              4.727537606330889,
              49.64336222932112
            ],
            [
              4.895299351842882,
              49.55180967919558
            ],
            [
              4.763481773541378,
              49.49979716011245
            ],
            [
              4.699978163083048,
              49.39387669930557
            ],
            [
              4.658537933149548,
              49.42956730474693
            ],
            [
              4.618070826319818,
              49.460743748760486
            ],
            [
              4.365922087559765,
              49.53197942762368
            ],
            [
              4.476174874937183,
              49.644846794222325
            ],
            [
              4.544366121572424,
              49.70689570910035
            ],
            [
              4.595332291284318,
              49.7915498299877
            ],
            [
              4.673634955049895,
              49.803319217445775
            ]
          ]
        ]
      }
    },
    {
      "type": "Feature",
      "properties": {
        "name": "Zone 230",
        "superficie": 5139,
        "population": 7899,
        "layer": "Layer 2",
        "color": "blue",
        "opacity": 0.15
      },
      "geometry": {
        "type": "Polygon",
        "coordinates": [
          [
            [
              3.8041706774027233,
              45.01617916072711
            ],
            [
              3.8317711987616345,
              45.00256378193742
            ],
            [
              4.000066003215148,
              44.94195545989748
            ],
            [
              3.9186922446469317,
              44.83627670208826
            ],
            [
              4.032209901478406,
              44.72815280830839
            ],
            [
              3.9558204665719456,
              44.6700722658788
            ],
            [
              3.827963470471099,
              44.578730376384705
            ],
            [
              3.768761245547657,
              44.61529655029026
            ],
            [
              3.674876608963649,
              44.691144236163915
            ],
            [
              3.665883587365477,
              44.73276311256989
            ],
            [
              3.4913068776476948,
              44.832099013520164
            ],
            [
              3.59526666280939,
              44.90770798504838
            ],
            [
              3.6454762617808147,
              44.967411619148045
            ],
            [
              3.8041706774027233,
              45.01617916072711
            ]
          ]
        ]
      }
    },
    {
      "type": "Feature",
      "properties": {
        "name": "Zone 231",
        "superficie": 4990,
        "population": 1531,
        "layer": "Layer 3",
        "color": "green",
        "opacity": 0.15
      },
      "geometry": {
        "type": "Polygon",
        "coordinates": [
          [
            [
              1.5474237478724078,
              48.788469661422944
            ],
            [
              1.618478923919761,
              48.71986645121011
            ],
            [
              1.726352604402017,
              48.69775299347001
            ],
            [
              1.6170061309231178,
              48.64764346327245
            ],
            [
              1.7737765911498165,
              48.56882255542637
            ],
            [
              1.7344554457091994,
              48.48526992691357
            ],
            [
              1.7119356176433735,
              48.44318405139515
            ],
            [
              1.658554985606433,
              48.422267883451404
            ],
            [
              1.5991269740983505,
              48.35880415380218
            ],
            [
              1.488162378834411,
              48.3237627578778
            ],
            [
              1.3933330617288615,
              48.350332067511054
            ],
            [
              1.4236286640135778,
              48.44895455974658
            ],
            [
              1.3528366066337698,
              48.49181797828993
            ],
            [
              1.353929703689986,
              48.564378983555244
            ],
            [
              1.333070593885831,
              48.643273968053144
            ],
            [
              1.3959297113361337,
              48.67151951065971
            ],
            [
              1.4686861288092121,
              48.752861417317675
            ],
            [
              1.5474237478724078,
              48.788469661422944
            ]
          ]
        ]
      }
    },
    {
      "type": "Feature",
      "properties": {
        "name": "Zone 232",
        "superficie": 3350,
        "population": 5979,
        "layer": "Layer 4",
        "color": "yellow",
        "opacity": 0.15
      },
      "geometry": {
        "type": "Polygon",
        "coordinates": [
          [
            [
              6.018622395174047,
              51.08550070000488
            ],
            [
              6.153547286439394,
              51.0614399306284
            ],
            [
              6.118556470839515,
              50.987974385839316
            ],
            [
              6.091659030237389,
              50.85191689594734
            ],
            [
              6.168649751598761,
              50.75479999941809
            ],
            [
              6.018622395174047,
              50.71131256660525
            ],
            [
              5.931586915704423,
              50.73013077429296
            ],
            [
              5.690054764916067,
              50.84063413428952
            ],
            [
              5.8878303562739145,
              50.96355420588565
            ],
            [
              5.813220024178881,
              51.11121035129618
            ],
            [
              6.018622395174047,
              51.08550070000488
            ]
          ]
        ]
      }
    },
    {
      "type": "Feature",
      "properties": {
        "name": "Zone 233",
        "superficie": 7559,
        "population": 2554,
        "layer": "Layer 1",
        "color": "red",
        "opacity": 0.15
      },
      "geometry": {
        "type": "Polygon",
        "coordinates": [
          [
            [
              -1.9100573771672185,
              44.5024180215934
            ],
            [
              -1.8403320821080014,
              44.54178807720527
            ],
            [
              -1.7205164199629872,
              44.47207014489283
            ],
            [
              -1.8142106880868438,
              44.39264863801232
            ],
            [
              -1.8538352187032872,
              44.3450039834227
            ],
            [
              -1.6806187133713388,
              44.26231488425126
            ],
            [
              -1.6450494648317349,
              44.17722952738944
            ],
            [
              -1.8356555064387914,
              44.1502485019758
            ],
            [
              -1.8680312000474928,
              44.084011587458875
            ],
            [
              -1.9225990341526573,
              44.13741835223109
            ],
            [
              -2.0870423184945017,
              44.13781649672471
            ],
            [
              -2.088005492291671,
              44.21041470474595
            ],
            [
              -2.0879677452720817,
              44.269510063612735
            ],
            [
              -2.0079993079453096,
              44.344382855729215
            ],
            [
              -2.0612452610673384,
              44.41148527327725
            ],
            [
              -2.079959479138006,
              44.48209118225754
            ],
            [
              -1.9473238402738116,
              44.47456899131762
            ],
            [
              -1.9100573771672185,
              44.5024180215934
            ]
          ]
        ]
      }
    },
    {
      "type": "Feature",
      "properties": {
        "name": "Zone 234",
        "superficie": 7809,
        "population": 844,
        "layer": "Layer 2",
        "color": "blue",
        "opacity": 0.15
      },
      "geometry": {
        "type": "Polygon",
        "coordinates": [
          [
            [
              3.631348741463979,
              50.734156980849455
            ],
            [
              3.7411950547191664,
              50.73278179474622
            ],
            [
              3.836673885752363,
              50.70318120296024
            ],
            [
              3.717497791918422,
              50.62096335095282
            ],
            [
              3.953300494860663,
              50.53240002087796
            ],
            [
              3.707146592537398,
              50.42174946277047
            ],
            [
              3.7490127371362014,
              50.390628498182316
            ],
            [
              3.631348741463979,
              50.34356562481265
            ],
            [
              3.609439649285235,
              50.415712939837
            ],
            [
              3.5426893044556396,
              50.433961945752884
            ],
            [
              3.4831704751378516,
              50.52126221945871
            ],
            [
              3.4121821616824923,
              50.62608758138436
            ],
            [
              3.492783920564103,
              50.71526981540049
            ],
            [
              3.516539589844552,
              50.75457998719637
            ],
            [
              3.631348741463979,
              50.734156980849455
            ]
          ]
        ]
      }
    },
    {
      "type": "Feature",
      "properties": {
        "name": "Zone 235",
        "superficie": 7275,
        "population": 415,
        "layer": "Layer 3",
        "color": "green",
        "opacity": 0.15
      },
      "geometry": {
        "type": "Polygon",
        "coordinates": [
          [
            [
              5.536112720432463,
              45.073210422118116
            ],
            [
              5.601735116765738,
              45.04127273433674
            ],
            [
              5.80264843253967,
              45.0179144218295
            ],
            [
              5.754476794668282,
              44.89611582843034
            ],
            [
              5.650336234479661,
              44.81996005607373
            ],
            [
              5.710074575777721,
              44.6886121220815
            ],
            [
              5.536112720432463,
              44.73551915058188
            ],
            [
              5.49559005747985,
              44.71294836158106
            ],
            [
              5.458040583705555,
              44.78021626302554
            ],
            [
              5.277580723427431,
              44.89611582843034
            ],
            [
              5.4650758451563215,
              45.01518004964946
            ],
            [
              5.487477383866697,
              45.04098340620681
            ],
            [
              5.536112720432463,
              45.073210422118116
            ]
          ]
        ]
      }
    },
    {
      "type": "Feature",
      "properties": {
        "name": "Zone 236",
        "superficie": 7449,
        "population": 3898,
        "layer": "Layer 4",
        "color": "yellow",
        "opacity": 0.15
      },
      "geometry": {
        "type": "Polygon",
        "coordinates": [
          [
            [
              -1.0408521781174422,
              44.80564072867293
            ],
            [
              -0.9755198129168758,
              44.79480187466972
            ],
            [
              -0.9485572051658036,
              44.75159148267095
            ],
            [
              -0.789297223748476,
              44.657935993898064
            ],
            [
              -0.8774434913867182,
              44.6190604537673
            ],
            [
              -0.7553249927802164,
              44.550502722634974
            ],
            [
              -0.8768378846805848,
              44.483529034523876
            ],
            [
              -0.9527655664053529,
              44.4185611725698
            ],
            [
              -0.8850546902599785,
              44.39052148139517
            ],
            [
              -0.9955354158689754,
              44.349112338683035
            ],
            [
              -1.0907547062436822,
              44.35221842609522
            ],
            [
              -1.1276515303921373,
              44.4211748882057
            ],
            [
              -1.243383432613196,
              44.43956558213397
            ],
            [
              -1.148270628884546,
              44.50257146673407
            ],
            [
              -1.2038365922520502,
              44.5484274618483
            ],
            [
              -1.170919868828261,
              44.610260740397706
            ],
            [
              -1.1959343752063583,
              44.66463248913707
            ],
            [
              -1.2148390054777334,
              44.706779531248266
            ],
            [
              -1.1080597759802642,
              44.71128102656377
            ],
            [
              -1.0408521781174422,
              44.80564072867293
            ]
          ]
        ]
      }
    },
    {
      "type": "Feature",
      "properties": {
        "name": "Zone 237",
        "superficie": 3208,
        "population": 1178,
        "layer": "Layer 1",
        "color": "red",
        "opacity": 0.15
      },
      "geometry": {
        "type": "Polygon",
        "coordinates": [
          [
            [
              1.6244743666831614,
              42.511595191191034
            ],
            [
              1.6551783776087532,
              42.46715095966534
            ],
            [
              1.8307732665923633,
              42.44017222157075
            ],
            [
              1.8785846334686416,
              42.37282785212188
            ],
            [
              1.9543405397330837,
              42.304356177848035
            ],
            [
              1.8660916893768191,
              42.22648228091144
            ],
            [
              1.698067579165087,
              42.19132910498714
            ],
            [
              1.737134871769438,
              42.14891603530959
            ],
            [
              1.6244743666831614,
              42.14528655229583
            ],
            [
              1.5476457754548534,
              42.14723625879242
            ],
            [
              1.496724676110337,
              42.174091800107426
            ],
            [
              1.5450186390269898,
              42.241547093725416
            ],
            [
              1.4215259137662661,
              42.304356177848035
            ],
            [
              1.5695521385248703,
              42.39193423062896
            ],
            [
              1.5711498073534247,
              42.43109510274124
            ],
            [
              1.5783156376238203,
              42.44945071533516
            ],
            [
              1.6244743666831614,
              42.511595191191034
            ]
          ]
        ]
      }
    },
    {
      "type": "Feature",
      "properties": {
        "name": "Zone 238",
        "superficie": 3991,
        "population": 8601,
        "layer": "Layer 2",
        "color": "blue",
        "opacity": 0.15
      },
      "geometry": {
        "type": "Polygon",
        "coordinates": [
          [
            [
              -3.8631159508632957,
              48.68618690529212
            ],
            [
              -3.820846938841617,
              48.71117566097308
            ],
            [
              -3.760849041411565,
              48.68604934261609
            ],
            [
              -3.7326551527789653,
              48.651219020683484
            ],
            [
              -3.541464791953242,
              48.57366536515683
            ],
            [
              -3.791950771551434,
              48.48940728031523
            ],
            [
              -3.7228165945672567,
              48.43970185299743
            ],
            [
              -3.7736607082567084,
              48.3689752128963
            ],
            [
              -3.810733639508401,
              48.335112114062134
            ],
            [
              -3.8631159508632957,
              48.316324903822874
            ],
            [
              -3.9510559896008295,
              48.385748792798566
            ],
            [
              -4.0761182249723324,
              48.34168735518748
            ],
            [
              -4.010217691347194,
              48.416482294835035
            ],
            [
              -4.1169227858877955,
              48.499468030239534
            ],
            [
              -4.109201732736103,
              48.561634544207436
            ],
            [
              -4.0559955110209325,
              48.61260996603157
            ],
            [
              -4.0811224598114775,
              48.67310139027051
            ],
            [
              -3.9404149927135466,
              48.73815054806411
            ],
            [
              -3.8631159508632957,
              48.68618690529212
            ]
          ]
        ]
      }
    },
    {
      "type": "Feature",
      "properties": {
        "name": "Zone 239",
        "superficie": 7303,
        "population": 7454,
        "layer": "Layer 3",
        "color": "green",
        "opacity": 0.15
      },
      "geometry": {
        "type": "Polygon",
        "coordinates": [
          [
            [
              -2.1860951465090883,
              43.23612243946236
            ],
            [
              -2.0392049551413995,
              43.17028855453889
            ],
            [
              -2.0124831817214783,
              43.14204086240566
            ],
            [
              -1.8947139262218053,
              43.06579957068554
            ],
            [
              -2.0742454379124045,
              42.98531578350838
            ],
            [
              -2.0469035928535413,
              42.89159535400904
            ],
            [
              -2.135034218185754,
              42.851480925321816
            ],
            [
              -2.1860951465090883,
              42.82569969829128
            ],
            [
              -2.2745849068805204,
              42.821726899582124
            ],
            [
              -2.259599112529146,
              42.92472456644289
            ],
            [
              -2.2359498672772213,
              42.97701526544087
            ],
            [
              -2.49630045805446,
              43.07884951788177
            ],
            [
              -2.3316394079680514,
              43.13727041235595
            ],
            [
              -2.305364692860676,
              43.18176536924434
            ],
            [
              -2.1860951465090883,
              43.23612243946236
            ]
          ]
        ]
      }
    },
    {
      "type": "Feature",
      "properties": {
        "name": "Zone 240",
        "superficie": 4797,
        "population": 8943,
        "layer": "Layer 4",
        "color": "yellow",
        "opacity": 0.15
      },
      "geometry": {
        "type": "Polygon",
        "coordinates": [
          [
            [
              -1.7853127688505586,
              46.56558608646304
            ],
            [
              -1.7623026495785634,
              46.60109820137141
            ],
            [
              -1.5954403105557502,
              46.53883904719138
            ],
            [
              -1.5711602295688236,
              46.497196250035074
            ],
            [
              -1.6952189317962147,
              46.413970019081674
            ],
            [
              -1.5943569340914088,
              46.353977588519
            ],
            [
              -1.6475771034804285,
              46.308958634641066
            ],
            [
              -1.7112322212439004,
              46.25046798290674
            ],
            [
              -1.6342112929776629,
              46.187609592592
            ],
            [
              -1.7638355935764358,
              46.15262350338267
            ],
            [
              -1.8090354403663644,
              46.13867915911155
            ],
            [
              -1.8371456040428373,
              46.20424717876429
            ],
            [
              -1.8527523393775993,
              46.22415312816833
            ],
            [
              -1.8376884528154334,
              46.27840775618788
            ],
            [
              -1.8626497878532566,
              46.35954285741444
            ],
            [
              -1.8711822142700443,
              46.43282110425549
            ],
            [
              -1.8663124331637164,
              46.47763641175107
            ],
            [
              -1.8364494465096133,
              46.56183243369416
            ],
            [
              -1.8893441573831977,
              46.59223506873261
            ],
            [
              -1.7853127688505586,
              46.56558608646304
            ]
          ]
        ]
      }
    },
    {
      "type": "Feature",
      "properties": {
        "name": "Zone 241",
        "superficie": 3410,
        "population": 9361,
        "layer": "Layer 1",
        "color": "red",
        "opacity": 0.15
      },
      "geometry": {
        "type": "Polygon",
        "coordinates": [
          [
            [
              -1.675135662108441,
              49.74472318191846
            ],
            [
              -1.5722493947378178,
              49.746215744258855
            ],
            [
              -1.4695355751595787,
              49.730582430245384
            ],
            [
              -1.5878336796154497,
              49.67672178660145
            ],
            [
              -1.4416839131029473,
              49.5869067610154
            ],
            [
              -1.6026991939793056,
              49.512339327915825
            ],
            [
              -1.5914630277681117,
              49.45281387620744
            ],
            [
              -1.639648184389863,
              49.39070136301056
            ],
            [
              -1.626064444568877,
              49.40071519249994
            ],
            [
              -1.7376774852510528,
              49.336620564875744
            ],
            [
              -1.732295161059437,
              49.39962392569519
            ],
            [
              -1.8273717164787344,
              49.42591427453221
            ],
            [
              -1.9270381291795244,
              49.513564347671746
            ],
            [
              -1.9892209155670946,
              49.58600080839405
            ],
            [
              -1.9221964229095314,
              49.678035763717524
            ],
            [
              -1.8936544055577553,
              49.73853648794468
            ],
            [
              -1.701841262595645,
              49.72090217058609
            ],
            [
              -1.675135662108441,
              49.74472318191846
            ]
          ]
        ]
      }
    },
    {
      "type": "Feature",
      "properties": {
        "name": "Zone 242",
        "superficie": 4206,
        "population": 3876,
        "layer": "Layer 2",
        "color": "blue",
        "opacity": 0.15
      },
      "geometry": {
        "type": "Polygon",
        "coordinates": [
          [
            [
              1.3068089155096771,
              46.538742450575015
            ],
            [
              1.439290196037231,
              46.55311366983573
            ],
            [
              1.4166526198529246,
              46.47957368415327
            ],
            [
              1.403747070242662,
              46.40528069912614
            ],
            [
              1.4955177473461738,
              46.30675377608886
            ],
            [
              1.424284551583168,
              46.26530919035077
            ],
            [
              1.3242766382950217,
              46.196928446637514
            ],
            [
              1.2266604980433842,
              46.172410635695165
            ],
            [
              1.0834336934553468,
              46.202388824917264
            ],
            [
              1.0615023461515474,
              46.31233167445525
            ],
            [
              1.0404932788489172,
              46.40866618423079
            ],
            [
              1.2610154267562377,
              46.51353266314033
            ],
            [
              1.1878952106027505,
              46.59875103719763
            ],
            [
              1.3068089155096771,
              46.538742450575015
            ]
          ]
        ]
      }
    },
    {
      "type": "Feature",
      "properties": {
        "name": "Zone 243",
        "superficie": 5478,
        "population": 4599,
        "layer": "Layer 3",
        "color": "green",
        "opacity": 0.15
      },
      "geometry": {
        "type": "Polygon",
        "coordinates": [
          [
            [
              -1.4686200603161153,
              47.40387875659208
            ],
            [
              -1.4444559307589162,
              47.370885206624074
            ],
            [
              -1.260525614279017,
              47.398679087174784
            ],
            [
              -1.28373291751217,
              47.34544860807806
            ],
            [
              -1.2451392040336309,
              47.260792252082325
            ],
            [
              -1.4095485683861255,
              47.18618131175128
            ],
            [
              -1.3442294182096701,
              47.11532931788511
            ],
            [
              -1.406882907462747,
              47.052079380919295
            ],
            [
              -1.3814467218945818,
              46.993590092860295
            ],
            [
              -1.4686200603161153,
              47.005952251517826
            ],
            [
              -1.559531583318724,
              46.994517708566825
            ],
            [
              -1.6784396267341293,
              47.05855918728376
            ],
            [
              -1.7708392198135625,
              47.136262811277504
            ],
            [
              -1.5472984949674065,
              47.18852589519737
            ],
            [
              -1.5843189975764016,
              47.24872949414856
            ],
            [
              -1.643857727499133,
              47.30879969790623
            ],
            [
              -1.532565096545266,
              47.39323479125389
            ],
            [
              -1.5680481479235766,
              47.42694256234832
            ],
            [
              -1.4686200603161153,
              47.40387875659208
            ]
          ]
        ]
      }
    },
    {
      "type": "Feature",
      "properties": {
        "name": "Zone 244",
        "superficie": 5436,
        "population": 4566,
        "layer": "Layer 4",
        "color": "yellow",
        "opacity": 0.15
      },
      "geometry": {
        "type": "Polygon",
        "coordinates": [
          [
            [
              4.029796246554106,
              48.430295623495766
            ],
            [
              4.165508671147474,
              48.38716207309419
            ],
            [
              4.221234302570984,
              48.30696447950279
            ],
            [
              4.228642487978829,
              48.18161169498771
            ],
            [
              4.182165968070958,
              48.069587230657284
            ],
            [
              4.063334594131937,
              48.035088273544915
            ],
            [
              3.9535332527255913,
              48.05881095380894
            ],
            [
              3.806270785046973,
              48.054186357939365
            ],
            [
              3.884108815870197,
              48.18309455939725
            ],
            [
              3.7674698021543396,
              48.285907575851034
            ],
            [
              3.870480545498065,
              48.37456938031951
            ],
            [
              4.029796246554106,
              48.430295623495766
            ]
          ]
        ]
      }
    },
    {
      "type": "Feature",
      "properties": {
        "name": "Zone 245",
        "superficie": 4318,
        "population": 1727,
        "layer": "Layer 1",
        "color": "red",
        "opacity": 0.15
      },
      "geometry": {
        "type": "Polygon",
        "coordinates": [
          [
            [
              -1.1147588030373319,
              49.171621307403875
            ],
            [
              -0.9938597269322976,
              49.14997469547195
            ],
            [
              -0.8968165414316105,
              49.05886659811129
            ],
            [
              -0.7856762002374552,
              48.955960864575104
            ],
            [
              -1.038629649146904,
              48.80827527879375
            ],
            [
              -1.1147588030373319,
              48.77867606904633
            ],
            [
              -1.171435498947359,
              48.86467642774692
            ],
            [
              -1.1889077529613736,
              48.93162136129448
            ],
            [
              -1.2273244858308368,
              49.05521552270113
            ],
            [
              -1.2021205600406697,
              49.1633976382373
            ],
            [
              -1.1147588030373319,
              49.171621307403875
            ]
          ]
        ]
      }
    },
    {
      "type": "Feature",
      "properties": {
        "name": "Zone 246",
        "superficie": 3963,
        "population": 1694,
        "layer": "Layer 2",
        "color": "blue",
        "opacity": 0.15
      },
      "geometry": {
        "type": "Polygon",
        "coordinates": [
          [
            [
              5.458329435092745,
              48.11032258882458
            ],
            [
              5.522802260174044,
              48.099033147779174
            ],
            [
              5.727664735297358,
              48.011943338493886
            ],
            [
              5.706392152040149,
              47.899268098513566
            ],
            [
              5.635639124879143,
              47.78686497067111
            ],
            [
              5.458329435092745,
              47.80706404559687
            ],
            [
              5.349895546026541,
              47.83370396358398
            ],
            [
              5.135024407716065,
              47.90998104610318
            ],
            [
              5.305534367726099,
              48.03400750463747
            ],
            [
              5.351764648383599,
              48.10885173721352
            ],
            [
              5.458329435092745,
              48.11032258882458
            ]
          ]
        ]
      }
    },
    {
      "type": "Feature",
      "properties": {
        "name": "Zone 247",
        "superficie": 7929,
        "population": 3488,
        "layer": "Layer 3",
        "color": "green",
        "opacity": 0.15
      },
      "geometry": {
        "type": "Polygon",
        "coordinates": [
          [
            [
              2.388136261980213,
              48.180336682515346
            ],
            [
              2.4393770997399153,
              48.12614067826844
            ],
            [
              2.531198180186402,
              48.06650858068914
            ],
            [
              2.5170450923242456,
              47.97711954846143
            ],
            [
              2.5107113748621863,
              47.892453650025836
            ],
            [
              2.4845952923274917,
              47.78072498932351
            ],
            [
              2.466804917615549,
              47.73215233165386
            ],
            [
              2.388136261980213,
              47.688599939836614
            ],
            [
              2.2614567292246996,
              47.72818351489908
            ],
            [
              2.2611701689971855,
              47.803351945183486
            ],
            [
              2.159708775704255,
              47.883455289935874
            ],
            [
              2.0826456339406483,
              47.9846982800904
            ],
            [
              2.269132311741965,
              48.035064340435234
            ],
            [
              2.3638089003594795,
              48.082445252871125
            ],
            [
              2.388136261980213,
              48.180336682515346
            ]
          ]
        ]
      }
    },
    {
      "type": "Feature",
      "properties": {
        "name": "Zone 248",
        "superficie": 3926,
        "population": 1436,
        "layer": "Layer 4",
        "color": "yellow",
        "opacity": 0.15
      },
      "geometry": {
        "type": "Polygon",
        "coordinates": [
          [
            [
              -4.047918785647902,
              48.22415181163962
            ],
            [
              -4.023996016329536,
              48.220170271229094
            ],
            [
              -3.8762512038229007,
              48.22347395207592
            ],
            [
              -3.8914508478658694,
              48.13957169076318
            ],
            [
              -3.7929650762735583,
              48.072531877813425
            ],
            [
              -3.912851617419315,
              48.01044935464041
            ],
            [
              -3.935107706011573,
              47.96214289800782
            ],
            [
              -3.8921197156799168,
              47.89084924237874
            ],
            [
              -3.982894965871284,
              47.81688926518831
            ],
            [
              -4.047918785647902,
              47.86324188403326
            ],
            [
              -4.090211720081518,
              47.84687115292632
            ],
            [
              -4.10084170567658,
              47.861258049892875
            ],
            [
              -4.224139265162491,
              47.9324767263139
            ],
            [
              -4.311110548370931,
              48.00672656675482
            ],
            [
              -4.1911284278727585,
              48.07588495313379
            ],
            [
              -4.187782424908528,
              48.1409767426293
            ],
            [
              -4.1845055758847804,
              48.16645632075461
            ],
            [
              -4.065235700262498,
              48.21481396716481
            ],
            [
              -4.047918785647902,
              48.22415181163962
            ]
          ]
        ]
      }
    },
    {
      "type": "Feature",
      "properties": {
        "name": "Zone 249",
        "superficie": 4037,
        "population": 4594,
        "layer": "Layer 1",
        "color": "red",
        "opacity": 0.15
      },
      "geometry": {
        "type": "Polygon",
        "coordinates": [
          [
            [
              -1.4065949958496535,
              46.82932530731896
            ],
            [
              -1.299566223766915,
              46.782082193494816
            ],
            [
              -1.2015318393541916,
              46.75361248284084
            ],
            [
              -1.3116950187152776,
              46.69950079562075
            ],
            [
              -1.2024667701414862,
              46.639075834087905
            ],
            [
              -1.2978957948891985,
              46.56987987179531
            ],
            [
              -1.3140733080894396,
              46.48849358137193
            ],
            [
              -1.282921396443574,
              46.442903103944346
            ],
            [
              -1.2949699357749342,
              46.44404843636894
            ],
            [
              -1.358289734267632,
              46.390111978715204
            ],
            [
              -1.439284679923789,
              46.3529312493399
            ],
            [
              -1.500616833661788,
              46.38409358521658
            ],
            [
              -1.5550620443570191,
              46.45949637495359
            ],
            [
              -1.5736732934769895,
              46.495154878510455
            ],
            [
              -1.5403413734597737,
              46.565334853582485
            ],
            [
              -1.6199088767519747,
              46.62113649480434
            ],
            [
              -1.4785148673142015,
              46.68296015852562
            ],
            [
              -1.5652228516332296,
              46.70370890082228
            ],
            [
              -1.485181243446434,
              46.74742464262542
            ],
            [
              -1.4065949958496535,
              46.82932530731896
            ]
          ]
        ]
      }
    },
    {
      "type": "Feature",
      "properties": {
        "name": "Zone 250",
        "superficie": 5643,
        "population": 3752,
        "layer": "Layer 2",
        "color": "blue",
        "opacity": 0.15
      },
      "geometry": {
        "type": "Polygon",
        "coordinates": [
          [
            [
              5.6369865949262845,
              45.91464249993514
            ],
            [
              5.752816148423615,
              45.8559314434388
            ],
            [
              5.757000102325199,
              45.79043948135422
            ],
            [
              5.88458314747718,
              45.69648785324171
            ],
            [
              5.786387349519685,
              45.60959207730461
            ],
            [
              5.6960377724373785,
              45.54432255038068
            ],
            [
              5.572281754000332,
              45.5548566649444
            ],
            [
              5.394901156143247,
              45.58643349082581
            ],
            [
              5.570509757913266,
              45.70016450862223
            ],
            [
              5.395216973163807,
              45.82033344805927
            ],
            [
              5.486875326603119,
              45.88099314844342
            ],
            [
              5.6369865949262845,
              45.91464249993514
            ]
          ]
        ]
      }
    },
    {
      "type": "Feature",
      "properties": {
        "name": "Zone 251",
        "superficie": 4403,
        "population": 4546,
        "layer": "Layer 3",
        "color": "green",
        "opacity": 0.15
      },
      "geometry": {
        "type": "Polygon",
        "coordinates": [
          [
            [
              -4.521706475129805,
              44.748199372230765
            ],
            [
              -4.465292021723087,
              44.7096809602881
            ],
            [
              -4.481377746050251,
              44.6415350270722
            ],
            [
              -4.323095920632361,
              44.554517479610844
            ],
            [
              -4.315640027834973,
              44.44625789623413
            ],
            [
              -4.465890806005721,
              44.38692174303269
            ],
            [
              -4.4315422213700515,
              44.35812564828802
            ],
            [
              -4.521706475129805,
              44.302372613697685
            ],
            [
              -4.655940849900866,
              44.31776644370687
            ],
            [
              -4.792582584721779,
              44.39567366566784
            ],
            [
              -4.631910364172807,
              44.45939213445581
            ],
            [
              -4.659281094813055,
              44.55431265076144
            ],
            [
              -4.635506836696182,
              44.6176248089667
            ],
            [
              -4.594458068384143,
              44.704310545433444
            ],
            [
              -4.521706475129805,
              44.748199372230765
            ]
          ]
        ]
      }
    },
    {
      "type": "Feature",
      "properties": {
        "name": "Zone 252",
        "superficie": 5100,
        "population": 3236,
        "layer": "Layer 4",
        "color": "yellow",
        "opacity": 0.15
      },
      "geometry": {
        "type": "Polygon",
        "coordinates": [
          [
            [
              -1.8506496915579564,
              50.90693296778982
            ],
            [
              -1.8009770748239804,
              50.897566647000936
            ],
            [
              -1.7780170589293811,
              50.91468245743976
            ],
            [
              -1.6873275407022506,
              50.818822456475615
            ],
            [
              -1.5873238339812035,
              50.73600686495575
            ],
            [
              -1.6727501629585784,
              50.66262321640054
            ],
            [
              -1.8083066552401963,
              50.571473910831365
            ],
            [
              -1.8172032944427903,
              50.558032822772795
            ],
            [
              -1.9063108216950426,
              50.57356428013464
            ],
            [
              -1.9415436726766429,
              50.627263123046035
            ],
            [
              -1.91342165642206,
              50.65257989546325
            ],
            [
              -2.147118871212593,
              50.72659245977657
            ],
            [
              -2.178056288906726,
              50.829154711124154
            ],
            [
              -1.8974379883610115,
              50.91410520492401
            ],
            [
              -1.9568060164409795,
              50.95319133421513
            ],
            [
              -1.8506496915579564,
              50.90693296778982
            ]
          ]
        ]
      }
    },
    {
      "type": "Feature",
      "properties": {
        "name": "Zone 253",
        "superficie": 6805,
        "population": 9901,
        "layer": "Layer 1",
        "color": "red",
        "opacity": 0.15
      },
      "geometry": {
        "type": "Polygon",
        "coordinates": [
          [
            [
              1.6945689746841897,
              49.342576111529056
            ],
            [
              1.749918603817655,
              49.33588866626921
            ],
            [
              1.7646228782927145,
              49.292419920568086
            ],
            [
              1.8391940757631504,
              49.244533823742174
            ],
            [
              1.8772395668788968,
              49.19355176097757
            ],
            [
              1.9330386614919761,
              49.11772654927333
            ],
            [
              1.8146455302319047,
              49.08246744386771
            ],
            [
              1.874150511408671,
              48.990038721854845
            ],
            [
              1.7060877276255435,
              49.0008113406817
            ],
            [
              1.6491178353431342,
              48.986295602342345
            ],
            [
              1.592821756246452,
              48.99451576834002
            ],
            [
              1.4841809958724141,
              49.042821967009424
            ],
            [
              1.367988640606007,
              49.11946558447592
            ],
            [
              1.629074720215307,
              49.193100068096946
            ],
            [
              1.6154127364035127,
              49.250582498510994
            ],
            [
              1.6230678564375103,
              49.29564902895056
            ],
            [
              1.597213404403312,
              49.39228711370999
            ],
            [
              1.6945689746841897,
              49.342576111529056
            ]
          ]
        ]
      }
    },
    {
      "type": "Feature",
      "properties": {
        "name": "Zone 254",
        "superficie": 3254,
        "population": 3578,
        "layer": "Layer 2",
        "color": "blue",
        "opacity": 0.15
      },
      "geometry": {
        "type": "Polygon",
        "coordinates": [
          [
            [
              7.310946111912507,
              43.32566326786297
            ],
            [
              7.479946571374555,
              43.303323795568986
            ],
            [
              7.44726615988235,
              43.27864080065854
            ],
            [
              7.422644420544451,
              43.169397306408094
            ],
            [
              7.419605978612225,
              43.08856654127241
            ],
            [
              7.424080528187149,
              42.96545584495165
            ],
            [
              7.310946111912507,
              42.96055512088762
            ],
            [
              7.169591288866387,
              43.02275595591583
            ],
            [
              7.23048126776718,
              43.0757587593979
            ],
            [
              7.075880166564099,
              43.169397306408094
            ],
            [
              7.212997490749001,
              43.25854310481672
            ],
            [
              7.201454061601531,
              43.31044619413144
            ],
            [
              7.310946111912507,
              43.32566326786297
            ]
          ]
        ]
      }
    },
    {
      "type": "Feature",
      "properties": {
        "name": "Zone 255",
        "superficie": 7304,
        "population": 9050,
        "layer": "Layer 3",
        "color": "green",
        "opacity": 0.15
      },
      "geometry": {
        "type": "Polygon",
        "coordinates": [
          [
            [
              1.8203623848347057,
              42.24569112348852
            ],
            [
              1.8870872759768853,
              42.15323552741404
            ],
            [
              1.939172171678436,
              42.129475758403906
            ],
            [
              2.1097715544616196,
              42.02593437158069
            ],
            [
              1.989047961106644,
              41.945784146962005
            ],
            [
              1.986740255101869,
              41.823608378283154
            ],
            [
              1.8409602159051253,
              41.77330578979575
            ],
            [
              1.7507808666473692,
              41.77328274893599
            ],
            [
              1.7101749964758288,
              41.8244664801626
            ],
            [
              1.7079680672065454,
              41.92845809982684
            ],
            [
              1.501309791176042,
              42.02345087974896
            ],
            [
              1.6363403561892738,
              42.13249321950419
            ],
            [
              1.7474501383129908,
              42.154858218873244
            ],
            [
              1.8203623848347057,
              42.24569112348852
            ]
          ]
        ]
      }
    },
    {
      "type": "Feature",
      "properties": {
        "name": "Zone 256",
        "superficie": 3626,
        "population": 9216,
        "layer": "Layer 4",
        "color": "yellow",
        "opacity": 0.15
      },
      "geometry": {
        "type": "Polygon",
        "coordinates": [
          [
            [
              0.03794247233461423,
              44.61642285757085
            ],
            [
              0.11496687745526102,
              44.51730826354096
            ],
            [
              0.13885551085322384,
              44.45878597099414
            ],
            [
              0.11276999017859275,
              44.33463894672151
            ],
            [
              0.23790458864319672,
              44.266123900591026
            ],
            [
              0.03794247233461424,
              44.23647233708807
            ],
            [
              -0.07867525019100112,
              44.24560179388089
            ],
            [
              -0.02278089300452349,
              44.33565862825036
            ],
            [
              -0.09746970486550957,
              44.45288295432052
            ],
            [
              -0.052935506372904395,
              44.553027723316596
            ],
            [
              0.03794247233461423,
              44.61642285757085
            ]
          ]
        ]
      }
    },
    {
      "type": "Feature",
      "properties": {
        "name": "Zone 257",
        "superficie": 3359,
        "population": 7987,
        "layer": "Layer 1",
        "color": "red",
        "opacity": 0.15
      },
      "geometry": {
        "type": "Polygon",
        "coordinates": [
          [
            [
              7.9405647401650405,
              44.437653356924464
            ],
            [
              8.068004248250668,
              44.460291806846705
            ],
            [
              8.178130312036712,
              44.36150255243393
            ],
            [
              8.263690477335306,
              44.30366907906826
            ],
            [
              8.128820649728658,
              44.19205031221024
            ],
            [
              8.164923856069542,
              44.14200029208506
            ],
            [
              7.9623694892083705,
              44.0491650945574
            ],
            [
              7.919765280844172,
              44.1110479833765
            ],
            [
              7.765552178503253,
              44.10194721613815
            ],
            [
              7.69880387876214,
              44.20756050733757
            ],
            [
              7.80635117859235,
              44.30470076610995
            ],
            [
              7.807548363611478,
              44.4100835411695
            ],
            [
              7.900819862229203,
              44.43756779830305
            ],
            [
              7.9405647401650405,
              44.437653356924464
            ]
          ]
        ]
      }
    },
    {
      "type": "Feature",
      "properties": {
        "name": "Zone 258",
        "superficie": 4743,
        "population": 9186,
        "layer": "Layer 2",
        "color": "blue",
        "opacity": 0.15
      },
      "geometry": {
        "type": "Polygon",
        "coordinates": [
          [
            [
              -1.2392324759121416,
              49.58211308191683
            ],
            [
              -1.2048995750271814,
              49.51830579160686
            ],
            [
              -0.9948438025308695,
              49.45725986404401
            ],
            [
              -0.9700409062018382,
              49.35936319953327
            ],
            [
              -1.160289015184601,
              49.28206718694946
            ],
            [
              -1.159161060370648,
              49.21988475845445
            ],
            [
              -1.1765541365504983,
              49.18744065801723
            ],
            [
              -1.2826198384239156,
              49.14029073672227
            ],
            [
              -1.3101624643121,
              49.1759591972348
            ],
            [
              -1.3897336372304556,
              49.254771430398975
            ],
            [
              -1.4660032698357606,
              49.36014201565794
            ],
            [
              -1.4761852768377814,
              49.44884624176001
            ],
            [
              -1.2665124087909536,
              49.49148651284028
            ],
            [
              -1.2392324759121416,
              49.58211308191683
            ]
          ]
        ]
      }
    },
    {
      "type": "Feature",
      "properties": {
        "name": "Zone 259",
        "superficie": 6727,
        "population": 6646,
        "layer": "Layer 3",
        "color": "green",
        "opacity": 0.15
      },
      "geometry": {
        "type": "Polygon",
        "coordinates": [
          [
            [
              7.567652605172974,
              43.578719693877055
            ],
            [
              7.626879836271192,
              43.59790105556475
            ],
            [
              7.66599433977663,
              43.51449134259395
            ],
            [
              7.825016456128401,
              43.451074947639924
            ],
            [
              7.831199508770628,
              43.35494514356179
            ],
            [
              7.6422583065909375,
              43.25145189241584
            ],
            [
              7.606047683298418,
              43.2102654817681
            ],
            [
              7.567652605172974,
              43.21283540826216
            ],
            [
              7.48921036896234,
              43.19579263632243
            ],
            [
              7.378205657515981,
              43.307413040428614
            ],
            [
              7.506584458511202,
              43.36103077088482
            ],
            [
              7.439878821774181,
              43.44890479715408
            ],
            [
              7.508090837389024,
              43.54551690384931
            ],
            [
              7.452243151562387,
              43.55203748895482
            ],
            [
              7.567652605172974,
              43.578719693877055
            ]
          ]
        ]
      }
    },
    {
      "type": "Feature",
      "properties": {
        "name": "Zone 260",
        "superficie": 6309,
        "population": 6491,
        "layer": "Layer 4",
        "color": "yellow",
        "opacity": 0.15
      },
      "geometry": {
        "type": "Polygon",
        "coordinates": [
          [
            [
              1.582874470086126,
              48.282927647269446
            ],
            [
              1.6709725204094443,
              48.303986738133034
            ],
            [
              1.8908846361342122,
              48.19237725910071
            ],
            [
              1.66388744879216,
              48.07478786731201
            ],
            [
              1.6797709202946376,
              47.97122401007135
            ],
            [
              1.582874470086126,
              47.91159965174226
            ],
            [
              1.4772704969204284,
              47.99955691338578
            ],
            [
              1.3429456355720524,
              48.075336579061705
            ],
            [
              1.2670766819150863,
              48.17821872312291
            ],
            [
              1.3951029621220885,
              48.32066891214363
            ],
            [
              1.582874470086126,
              48.282927647269446
            ]
          ]
        ]
      }
    },
    {
      "type": "Feature",
      "properties": {
        "name": "Zone 261",
        "superficie": 5986,
        "population": 5299,
        "layer": "Layer 1",
        "color": "red",
        "opacity": 0.15
      },
      "geometry": {
        "type": "Polygon",
        "coordinates": [
          [
            [
              4.9141168012666,
              50.98241687787668
            ],
            [
              4.993568159114184,
              50.99058849361314
            ],
            [
              5.103126019756174,
              50.91660987243724
            ],
            [
              4.981542745659649,
              50.83682759058529
            ],
            [
              5.052654461523985,
              50.76509829320822
            ],
            [
              5.109507219180058,
              50.66852239051611
            ],
            [
              5.088365323064182,
              50.61099385827758
            ],
            [
              4.927272789136149,
              50.567116690522234
            ],
            [
              4.847449986198172,
              50.57824930614128
            ],
            [
              4.882881208998165,
              50.666056599028444
            ],
            [
              4.65941253179767,
              50.70857266372222
            ],
            [
              4.624933735497602,
              50.765030640655894
            ],
            [
              4.781640840182995,
              50.85200592839458
            ],
            [
              4.836754647342105,
              50.95468791028723
            ],
            [
              4.863277966084986,
              50.99097168936754
            ],
            [
              4.9141168012666,
              50.98241687787668
            ]
          ]
        ]
      }
    },
    {
      "type": "Feature",
      "properties": {
        "name": "Zone 262",
        "superficie": 7097,
        "population": 3593,
        "layer": "Layer 2",
        "color": "blue",
        "opacity": 0.15
      },
      "geometry": {
        "type": "Polygon",
        "coordinates": [
          [
            [
              0.10675320373397579,
              50.74047219067007
            ],
            [
              0.17979809595384227,
              50.73067971619013
            ],
            [
              0.21460753037348446,
              50.679391667617736
            ],
            [
              0.29096321677248493,
              50.56773033538896
            ],
            [
              0.3980447383920811,
              50.46863591486637
            ],
            [
              0.23872068674320404,
              50.360151533132765
            ],
            [
              0.10675320373397582,
              50.397941565873495
            ],
            [
              0.00003616309349328828,
              50.36025443893617
            ],
            [
              0.02847731639444516,
              50.45449340728663
            ],
            [
              0.003581814613656392,
              50.56773033538896
            ],
            [
              -0.06289295222895822,
              50.64656939002914
            ],
            [
              0.060503916093076655,
              50.74788027169137
            ],
            [
              0.10675320373397579,
              50.74047219067007
            ]
          ]
        ]
      }
    },
    {
      "type": "Feature",
      "properties": {
        "name": "Zone 263",
        "superficie": 3489,
        "population": 8973,
        "layer": "Layer 3",
        "color": "green",
        "opacity": 0.15
      },
      "geometry": {
        "type": "Polygon",
        "coordinates": [
          [
            [
              5.706189672734073,
              50.6882632618654
            ],
            [
              5.849878531277813,
              50.641745285449375
            ],
            [
              5.788786507876919,
              50.61026485001942
            ],
            [
              5.976884274060931,
              50.55285942591651
            ],
            [
              5.8720288840000165,
              50.45103091992564
            ],
            [
              5.8152433177237315,
              50.39317302648004
            ],
            [
              5.763636952901807,
              50.355592470682126
            ],
            [
              5.706189672734073,
              50.308960945685705
            ],
            [
              5.608112676680332,
              50.35520575903405
            ],
            [
              5.627259998755559,
              50.389927702686805
            ],
            [
              5.384358740294308,
              50.45909706427327
            ],
            [
              5.388938643748939,
              50.54513950124499
            ],
            [
              5.506437728880558,
              50.601548076567035
            ],
            [
              5.680051501465571,
              50.66711241957878
            ],
            [
              5.706189672734073,
              50.6882632618654
            ]
          ]
        ]
      }
    },
    {
      "type": "Feature",
      "properties": {
        "name": "Zone 264",
        "superficie": 5225,
        "population": 3961,
        "layer": "Layer 4",
        "color": "yellow",
        "opacity": 0.15
      },
      "geometry": {
        "type": "Polygon",
        "coordinates": [
          [
            [
              7.627092651505906,
              49.850531947738304
            ],
            [
              7.718351708232642,
              49.81762540676833
            ],
            [
              7.707101650246712,
              49.79575965692449
            ],
            [
              7.903557563214292,
              49.746960289153385
            ],
            [
              7.9640444756377695,
              49.64926115651517
            ],
            [
              7.815021513341194,
              49.59307865071635
            ],
            [
              7.758279510587639,
              49.53211064090589
            ],
            [
              7.672359571820816,
              49.52261152756323
            ],
            [
              7.589172074811294,
              49.51485771985106
            ],
            [
              7.439872341569936,
              49.54695191858092
            ],
            [
              7.446856505407994,
              49.58171540779147
            ],
            [
              7.396314756373798,
              49.652914043745454
            ],
            [
              7.528308308748401,
              49.73262218916166
            ],
            [
              7.494397359251774,
              49.83359571410343
            ],
            [
              7.4941665278977,
              49.81854728748596
            ],
            [
              7.627092651505906,
              49.850531947738304
            ]
          ]
        ]
      }
    },
    {
      "type": "Feature",
      "properties": {
        "name": "Zone 265",
        "superficie": 3752,
        "population": 6532,
        "layer": "Layer 1",
        "color": "red",
        "opacity": 0.15
      },
      "geometry": {
        "type": "Polygon",
        "coordinates": [
          [
            [
              7.265143671677739,
              45.79318418550125
            ],
            [
              7.34663285533704,
              45.733978453410316
            ],
            [
              7.35111503360003,
              45.75876335009554
            ],
            [
              7.544094192669609,
              45.72073807712837
            ],
            [
              7.452897164228409,
              45.647205455862505
            ],
            [
              7.439069500986494,
              45.56966484806109
            ],
            [
              7.401249327545479,
              45.522240683372175
            ],
            [
              7.468752663495775,
              45.486202058977206
            ],
            [
              7.412482090860833,
              45.4099932453097
            ],
            [
              7.284132218129893,
              45.386639193554004
            ],
            [
              7.219822852739522,
              45.41532173345583
            ],
            [
              7.116140063532704,
              45.43458262827274
            ],
            [
              7.149384961633287,
              45.44728593706259
            ],
            [
              7.002595935537657,
              45.51884676300811
            ],
            [
              6.979566439790202,
              45.57105882326156
            ],
            [
              7.109610985030337,
              45.6344257023776
            ],
            [
              7.193509286693,
              45.72402421488573
            ],
            [
              7.0924067693796955,
              45.73605035141246
            ],
            [
              7.246260933329837,
              45.73151773874758
            ],
            [
              7.265143671677739,
              45.79318418550125
            ]
          ]
        ]
      }
    },
    {
      "type": "Feature",
      "properties": {
        "name": "Zone 266",
        "superficie": 7973,
        "population": 8981,
        "layer": "Layer 2",
        "color": "blue",
        "opacity": 0.15
      },
      "geometry": {
        "type": "Polygon",
        "coordinates": [
          [
            [
              1.0989980840159204,
              42.34110526746792
            ],
            [
              1.1200044747796758,
              42.369516735412326
            ],
            [
              1.2546419223772391,
              42.3187421626671
            ],
            [
              1.3372042181539678,
              42.25177106865456
            ],
            [
              1.4001413320946239,
              42.199149811374866
            ],
            [
              1.2042416398255495,
              42.13600642110077
            ],
            [
              1.3013834892412603,
              42.043572969192674
            ],
            [
              1.1640503644786697,
              41.97730412851068
            ],
            [
              1.1538207570814123,
              42.005264106767726
            ],
            [
              1.0989980840159204,
              41.94604641364852
            ],
            [
              0.9980992984276503,
              42.00518531515411
            ],
            [
              0.969369685923938,
              41.997185387357426
            ],
            [
              0.8714775870064206,
              42.08033503479537
            ],
            [
              0.7884323157898845,
              42.12232209879697
            ],
            [
              0.9623612741265839,
              42.20578184799077
            ],
            [
              0.9736203810546578,
              42.25648109548013
            ],
            [
              0.9217884684465101,
              42.32263380463658
            ],
            [
              1.0593460246933988,
              42.311873221981564
            ],
            [
              1.0989980840159204,
              42.34110526746792
            ]
          ]
        ]
      }
    },
    {
      "type": "Feature",
      "properties": {
        "name": "Zone 267",
        "superficie": 6306,
        "population": 1764,
        "layer": "Layer 3",
        "color": "green",
        "opacity": 0.15
      },
      "geometry": {
        "type": "Polygon",
        "coordinates": [
          [
            [
              0.5269857301480387,
              49.073420447652246
            ],
            [
              0.6851086732557398,
              49.01089162328779
            ],
            [
              0.60439482628738,
              49.00380749859004
            ],
            [
              0.694528920802616,
              48.901612715232766
            ],
            [
              0.6742041962605442,
              48.80498375327387
            ],
            [
              0.5842137521992641,
              48.710362137004495
            ],
            [
              0.6097952185914406,
              48.721078048464925
            ],
            [
              0.468099620559698,
              48.63275557729609
            ],
            [
              0.359413207774946,
              48.74986602746871
            ],
            [
              0.42881456903980075,
              48.796962163724864
            ],
            [
              0.4684502954412073,
              48.89390737092572
            ],
            [
              0.37369755974919283,
              48.996343791194015
            ],
            [
              0.45070291143804675,
              49.06870373105718
            ],
            [
              0.5269857301480387,
              49.073420447652246
            ]
          ]
        ]
      }
    },
    {
      "type": "Feature",
      "properties": {
        "name": "Zone 268",
        "superficie": 5529,
        "population": 6969,
        "layer": "Layer 4",
        "color": "yellow",
        "opacity": 0.15
      },
      "geometry": {
        "type": "Polygon",
        "coordinates": [
          [
            [
              3.8517543788897584,
              45.352477477786856
            ],
            [
              3.923301696346221,
              45.252371998322616
            ],
            [
              4.075099952301125,
              45.217968785540634
            ],
            [
              3.917925545028286,
              45.15243483748603
            ],
            [
              4.044565674333959,
              45.05818969066832
            ],
            [
              3.998520859782574,
              45.00354225486364
            ],
            [
              3.8861420250309733,
              44.91558870296381
            ],
            [
              3.8517543788897584,
              44.90817345946083
            ],
            [
              3.747280785919783,
              44.92118480746099
            ],
            [
              3.8076333253476986,
              44.96334777643595
            ],
            [
              3.601655702445985,
              45.07014107797541
            ],
            [
              3.7753732002110243,
              45.1522926181763
            ],
            [
              3.713679406786182,
              45.20600758235437
            ],
            [
              3.7744963276892713,
              45.25948756496311
            ],
            [
              3.8517543788897584,
              45.352477477786856
            ]
          ]
        ]
      }
    },
    {
      "type": "Feature",
      "properties": {
        "name": "Zone 269",
        "superficie": 5678,
        "population": 9433,
        "layer": "Layer 1",
        "color": "red",
        "opacity": 0.15
      },
      "geometry": {
        "type": "Polygon",
        "coordinates": [
          [
            [
              7.840249177522701,
              48.62650286594914
            ],
            [
              7.879283068129136,
              48.56251909125036
            ],
            [
              8.10281772109254,
              48.54507172557256
            ],
            [
              7.9203356432537895,
              48.43226867572986
            ],
            [
              8.092414495134083,
              48.351321315638074
            ],
            [
              8.033793815402229,
              48.224129908597455
            ],
            [
              7.912491039910672,
              48.24315216345515
            ],
            [
              7.762666245680755,
              48.21763488174549
            ],
            [
              7.638216357629216,
              48.25727040748642
            ],
            [
              7.693578990790919,
              48.34473422319101
            ],
            [
              7.507019781576008,
              48.430468070924206
            ],
            [
              7.654708364543161,
              48.50489676567239
            ],
            [
              7.787338397150923,
              48.543844674735
            ],
            [
              7.840249177522701,
              48.62650286594914
            ]
          ]
        ]
      }
    },
    {
      "type": "Feature",
      "properties": {
        "name": "Zone 270",
        "superficie": 7220,
        "population": 3174,
        "layer": "Layer 2",
        "color": "blue",
        "opacity": 0.15
      },
      "geometry": {
        "type": "Polygon",
        "coordinates": [
          [
            [
              3.9503438894871135,
              45.79013377800394
            ],
            [
              4.008079314275532,
              45.772581623601916
            ],
            [
              4.12214143961731,
              45.756227585592846
            ],
            [
              4.001168446332768,
              45.69020602108205
            ],
            [
              4.109885429946719,
              45.630002066495145
            ],
            [
              4.245193170526997,
              45.55465334204923
            ],
            [
              4.202287980956604,
              45.51501202541867
            ],
            [
              4.092931172017518,
              45.41905327540699
            ],
            [
              4.067146091277985,
              45.42406070006993
            ],
            [
              3.9503438894871135,
              45.364471626654485
            ],
            [
              3.898658511656181,
              45.403632697954976
            ],
            [
              3.876949641041373,
              45.406903465720575
            ],
            [
              3.805181542785643,
              45.4720413265461
            ],
            [
              3.6262758220512428,
              45.55927403607461
            ],
            [
              3.7842985189048726,
              45.62650328621609
            ],
            [
              3.906277220166424,
              45.715753284819485
            ],
            [
              3.725441464059662,
              45.75816917219024
            ],
            [
              3.882177457714294,
              45.73827553127744
            ],
            [
              3.9503438894871135,
              45.79013377800394
            ]
          ]
        ]
      }
    },
    {
      "type": "Feature",
      "properties": {
        "name": "Zone 271",
        "superficie": 5137,
        "population": 3353,
        "layer": "Layer 3",
        "color": "green",
        "opacity": 0.15
      },
      "geometry": {
        "type": "Polygon",
        "coordinates": [
          [
            [
              -1.2516418033389725,
              43.070940007237105
            ],
            [
              -1.1702710591820777,
              43.127789124795974
            ],
            [
              -1.0452068018856768,
              43.03508306365037
            ],
            [
              -0.9601739796352192,
              42.976569656049925
            ],
            [
              -1.0645858375091137,
              42.886088879566394
            ],
            [
              -1.1329487211140827,
              42.81873538876586
            ],
            [
              -1.1544879065273572,
              42.7067889511181
            ],
            [
              -1.181597708115116,
              42.66310675451141
            ],
            [
              -1.2725640811400392,
              42.71056549661551
            ],
            [
              -1.303002713114132,
              42.77071963541395
            ],
            [
              -1.3000763862289992,
              42.82432173505705
            ],
            [
              -1.3408721325610222,
              42.88309562345817
            ],
            [
              -1.4420255629054712,
              42.957576740091696
            ],
            [
              -1.4463653990183223,
              43.02621822493836
            ],
            [
              -1.3591544437402547,
              43.08108149000928
            ],
            [
              -1.2516418033389725,
              43.070940007237105
            ]
          ]
        ]
      }
    },
    {
      "type": "Feature",
      "properties": {
        "name": "Zone 272",
        "superficie": 6878,
        "population": 919,
        "layer": "Layer 4",
        "color": "yellow",
        "opacity": 0.15
      },
      "geometry": {
        "type": "Polygon",
        "coordinates": [
          [
            [
              1.1927315797334073,
              46.91979414240558
            ],
            [
              1.3021696413691621,
              46.882806836186695
            ],
            [
              1.3126517921984315,
              46.89370029476627
            ],
            [
              1.4420513115746523,
              46.80568898395438
            ],
            [
              1.4884593554039867,
              46.73821136859764
            ],
            [
              1.2882052538741169,
              46.66111200596217
            ],
            [
              1.3152807291759645,
              46.60797743774575
            ],
            [
              1.2228881641003309,
              46.58979087749458
            ],
            [
              1.2409515226030565,
              46.530098283461875
            ],
            [
              1.163810312781471,
              46.57061043997088
            ],
            [
              1.07902691304546,
              46.586120793274056
            ],
            [
              1.0208510872457948,
              46.604798853401995
            ],
            [
              0.9154524432295275,
              46.66440229655573
            ],
            [
              1.0186644882309426,
              46.737216190727615
            ],
            [
              0.8987440912745488,
              46.7985782940739
            ],
            [
              1.1497802544623439,
              46.85999938316751
            ],
            [
              1.1331448175422756,
              46.91173021011083
            ],
            [
              1.1927315797334073,
              46.91979414240558
            ]
          ]
        ]
      }
    },
    {
      "type": "Feature",
      "properties": {
        "name": "Zone 273",
        "superficie": 5603,
        "population": 524,
        "layer": "Layer 1",
        "color": "red",
        "opacity": 0.15
      },
      "geometry": {
        "type": "Polygon",
        "coordinates": [
          [
            [
              4.060621936091822,
              50.61521084727629
            ],
            [
              4.17940243500571,
              50.65468795213407
            ],
            [
              4.18060194645809,
              50.57926161437179
            ],
            [
              4.186986399278174,
              50.50091242606962
            ],
            [
              4.149743254367802,
              50.445145314157145
            ],
            [
              4.3827110673258165,
              50.37409981487453
            ],
            [
              4.254457697909037,
              50.33074362508006
            ],
            [
              4.225791868422291,
              50.2630179904317
            ],
            [
              4.118671664901446,
              50.24208158868556
            ],
            [
              4.020557104259923,
              50.21661008254516
            ],
            [
              3.96479097111529,
              50.21823296343661
            ],
            [
              3.9401312639294543,
              50.274965316306506
            ],
            [
              3.9295082466311912,
              50.359105692310614
            ],
            [
              3.975498351277318,
              50.44358215056199
            ],
            [
              3.9573814902365836,
              50.52330509594341
            ],
            [
              3.96985696331116,
              50.53793124523319
            ],
            [
              3.9850813383886416,
              50.58330599833349
            ],
            [
              4.060621936091822,
              50.61521084727629
            ]
          ]
        ]
      }
    },
    {
      "type": "Feature",
      "properties": {
        "name": "Zone 274",
        "superficie": 3198,
        "population": 761,
        "layer": "Layer 2",
        "color": "blue",
        "opacity": 0.15
      },
      "geometry": {
        "type": "Polygon",
        "coordinates": [
          [
            [
              -1.7196017266810086,
              43.39081600140318
            ],
            [
              -1.6616414020296832,
              43.36258573715648
            ],
            [
              -1.6601738145378033,
              43.28599919684948
            ],
            [
              -1.6422015064128823,
              43.21237201361114
            ],
            [
              -1.590865185228974,
              43.151019128731214
            ],
            [
              -1.3964595836625882,
              43.083397718387396
            ],
            [
              -1.4878656503011538,
              42.97648610934922
            ],
            [
              -1.614860747308233,
              42.96002054008978
            ],
            [
              -1.7196017266810086,
              42.93615450185005
            ],
            [
              -1.811914276387833,
              42.93150621870123
            ],
            [
              -1.780083668905313,
              43.03210288460739
            ],
            [
              -1.862423835560291,
              43.06316404180829
            ],
            [
              -1.9038995699679298,
              43.151019128731214
            ],
            [
              -1.8920161322610152,
              43.24288821420604
            ],
            [
              -1.8177733824774431,
              43.26132363220609
            ],
            [
              -1.7581311284565928,
              43.332921517346186
            ],
            [
              -1.7196017266810086,
              43.39081600140318
            ]
          ]
        ]
      }
    },
    {
      "type": "Feature",
      "properties": {
        "name": "Zone 275",
        "superficie": 7071,
        "population": 5964,
        "layer": "Layer 3",
        "color": "green",
        "opacity": 0.15
      },
      "geometry": {
        "type": "Polygon",
        "coordinates": [
          [
            [
              3.4331882765645574,
              43.614866259278635
            ],
            [
              3.6003425940554012,
              43.52704407495552
            ],
            [
              3.5977839301528385,
              43.45561099636785
            ],
            [
              3.720754301099519,
              43.3684281281602
            ],
            [
              3.706850914240133,
              43.28974845964867
            ],
            [
              3.4997522114976274,
              43.23384134330641
            ],
            [
              3.4331882765645574,
              43.148316977260045
            ],
            [
              3.3919824314785663,
              43.15613910860571
            ],
            [
              3.2608186022865358,
              43.25995740717659
            ],
            [
              3.2941594070589866,
              43.3684281281602
            ],
            [
              3.165368932051911,
              43.47005777018863
            ],
            [
              3.2596628002881327,
              43.5270373316146
            ],
            [
              3.4331882765645574,
              43.614866259278635
            ]
          ]
        ]
      }
    },
    {
      "type": "Feature",
      "properties": {
        "name": "Zone 276",
        "superficie": 3232,
        "population": 5790,
        "layer": "Layer 4",
        "color": "yellow",
        "opacity": 0.15
      },
      "geometry": {
        "type": "Polygon",
        "coordinates": [
          [
            [
              -2.8184036096894594,
              46.95592997626289
            ],
            [
              -2.760766385739827,
              46.954500012386184
            ],
            [
              -2.538947795424607,
              46.82632029193573
            ],
            [
              -2.646918810411287,
              46.695983128613996
            ],
            [
              -2.710320007292898,
              46.61298889381325
            ],
            [
              -2.8184036096894594,
              46.59349104734677
            ],
            [
              -3.0007216493147673,
              46.63668180412015
            ],
            [
              -3.089181349998795,
              46.69774868286073
            ],
            [
              -3.060542366818823,
              46.81823246398879
            ],
            [
              -2.9850452720305034,
              46.94462751540846
            ],
            [
              -2.8184036096894594,
              46.95592997626289
            ]
          ]
        ]
      }
    },
    {
      "type": "Feature",
      "properties": {
        "name": "Zone 277",
        "superficie": 5715,
        "population": 1058,
        "layer": "Layer 1",
        "color": "red",
        "opacity": 0.15
      },
      "geometry": {
        "type": "Polygon",
        "coordinates": [
          [
            [
              -4.598082927416312,
              48.98781171931943
            ],
            [
              -4.475325551833047,
              48.932200278643435
            ],
            [
              -4.393879372644648,
              48.873604133301534
            ],
            [
              -4.3441020224382525,
              48.82414763809043
            ],
            [
              -4.456540764914011,
              48.74486390297121
            ],
            [
              -4.382987473548226,
              48.66757253414701
            ],
            [
              -4.455062411920852,
              48.61871435362564
            ],
            [
              -4.502331760139897,
              48.60452091517655
            ],
            [
              -4.598082927416312,
              48.533601830892415
            ],
            [
              -4.713482785648977,
              48.52150990482138
            ],
            [
              -4.786784538754226,
              48.6035061701617
            ],
            [
              -4.7210234428425055,
              48.65427691915852
            ],
            [
              -4.687765449101061,
              48.74486390297121
            ],
            [
              -4.762281405312729,
              48.816595374893964
            ],
            [
              -4.653654470251919,
              48.912501118222785
            ],
            [
              -4.6702941085401815,
              48.88602555506564
            ],
            [
              -4.598082927416312,
              48.98781171931943
            ]
          ]
        ]
      }
    },
    {
      "type": "Feature",
      "properties": {
        "name": "Zone 278",
        "superficie": 7340,
        "population": 2421,
        "layer": "Layer 2",
        "color": "blue",
        "opacity": 0.15
      },
      "geometry": {
        "type": "Polygon",
        "coordinates": [
          [
            [
              7.032928964174051,
              43.46963128706748
            ],
            [
              7.13574728873483,
              43.42233352039784
            ],
            [
              7.147069936791485,
              43.3379850284062
            ],
            [
              7.133355447133482,
              43.27564039179845
            ],
            [
              7.307854160141616,
              43.19198206501648
            ],
            [
              7.093242765946886,
              43.07385549985209
            ],
            [
              7.060390655133956,
              43.00685981176811
            ],
            [
              7.006508929419485,
              43.08802093994282
            ],
            [
              6.839513420260696,
              43.081368837359484
            ],
            [
              6.899161326149784,
              43.15996723792057
            ],
            [
              6.690794650750765,
              43.272819213950974
            ],
            [
              6.913567648381807,
              43.37735533248836
            ],
            [
              6.954703519922083,
              43.449785977930276
            ],
            [
              7.032928964174051,
              43.46963128706748
            ]
          ]
        ]
      }
    },
    {
      "type": "Feature",
      "properties": {
        "name": "Zone 279",
        "superficie": 5785,
        "population": 7819,
        "layer": "Layer 3",
        "color": "green",
        "opacity": 0.15
      },
      "geometry": {
        "type": "Polygon",
        "coordinates": [
          [
            [
              -2.568172110233708,
              42.35534404764938
            ],
            [
              -2.454147910398275,
              42.346829897772
            ],
            [
              -2.3997658931928596,
              42.24757374263699
            ],
            [
              -2.3622410386066894,
              42.19487976388482
            ],
            [
              -2.364146337272957,
              42.15469687546575
            ],
            [
              -2.4576400034349146,
              42.085524332631095
            ],
            [
              -2.4839519330278526,
              42.031056702848645
            ],
            [
              -2.3832958821289227,
              41.97335344183965
            ],
            [
              -2.472616741048995,
              41.96638174166895
            ],
            [
              -2.568172110233708,
              41.957598116706365
            ],
            [
              -2.619680959381594,
              41.95564796650492
            ],
            [
              -2.7783435247818464,
              41.943995778241685
            ],
            [
              -2.6483584163820115,
              42.006575531711924
            ],
            [
              -2.7004866619632217,
              42.0867083129283
            ],
            [
              -2.8433679241019156,
              42.14935304605356
            ],
            [
              -2.7333117466177748,
              42.20829878309597
            ],
            [
              -2.607601249657224,
              42.27669405435753
            ],
            [
              -2.681925314708756,
              42.33408183061753
            ],
            [
              -2.568172110233708,
              42.35534404764938
            ]
          ]
        ]
      }
    },
    {
      "type": "Feature",
      "properties": {
        "name": "Zone 280",
        "superficie": 6774,
        "population": 4834,
        "layer": "Layer 4",
        "color": "yellow",
        "opacity": 0.15
      },
      "geometry": {
        "type": "Polygon",
        "coordinates": [
          [
            [
              6.038557872130278,
              46.42331757685423
            ],
            [
              6.1129954006631975,
              46.42217857257576
            ],
            [
              6.330782045620688,
              46.38377329100027
            ],
            [
              6.19642377803797,
              46.25893416745468
            ],
            [
              6.123251583396393,
              46.13483388672156
            ],
            [
              6.139465787737155,
              46.105832476949686
            ],
            [
              6.038557872130278,
              46.07070920700277
            ],
            [
              5.924004370620403,
              46.08280408374111
            ],
            [
              5.745346602340119,
              46.16346693327727
            ],
            [
              5.790398551115443,
              46.25893416745468
            ],
            [
              5.941380367548533,
              46.340891328007245
            ],
            [
              5.900458901919683,
              46.43747527762545
            ],
            [
              6.038557872130278,
              46.42331757685423
            ]
          ]
        ]
      }
    },
    {
      "type": "Feature",
      "properties": {
        "name": "Zone 281",
        "superficie": 6737,
        "population": 9057,
        "layer": "Layer 1",
        "color": "red",
        "opacity": 0.15
      },
      "geometry": {
        "type": "Polygon",
        "coordinates": [
          [
            [
              -3.2817610452089814,
              48.37747092719866
            ],
            [
              -3.1527703783884142,
              48.29973048081675
            ],
            [
              -3.083766118553842,
              48.238547329155494
            ],
            [
              -3.0564598819637196,
              48.11849841897551
            ],
            [
              -3.1219390643364138,
              48.02096499969687
            ],
            [
              -3.2500495462124337,
              47.90982356586173
            ],
            [
              -3.3689712078152128,
              47.92401767666274
            ],
            [
              -3.4762889131798236,
              48.02330271354316
            ],
            [
              -3.59805472653489,
              48.117059537142175
            ],
            [
              -3.402648397086623,
              48.2462119866289
            ],
            [
              -3.3989248012070745,
              48.30205963487386
            ],
            [
              -3.2817610452089814,
              48.37747092719866
            ]
          ]
        ]
      }
    },
    {
      "type": "Feature",
      "properties": {
        "name": "Zone 282",
        "superficie": 5830,
        "population": 4080,
        "layer": "Layer 2",
        "color": "blue",
        "opacity": 0.15
      },
      "geometry": {
        "type": "Polygon",
        "coordinates": [
          [
            [
              -2.8626384474949713,
              43.801736511157706
            ],
            [
              -2.77464423467899,
              43.70998744925096
            ],
            [
              -2.7638132254934256,
              43.67659953606655
            ],
            [
              -2.656008116881585,
              43.56250987540821
            ],
            [
              -2.735876625925159,
              43.45492116719366
            ],
            [
              -2.7420569932858516,
              43.36298357974023
            ],
            [
              -2.8626384474949713,
              43.339812426830626
            ],
            [
              -2.9150525033870185,
              43.363780469864004
            ],
            [
              -3.071644587782553,
              43.46092787350948
            ],
            [
              -2.958883738042694,
              43.56250987540821
            ],
            [
              -3.1033268320559957,
              43.682502465123136
            ],
            [
              -3.0267159700174524,
              43.767652705325155
            ],
            [
              -2.8626384474949713,
              43.801736511157706
            ]
          ]
        ]
      }
    },
    {
      "type": "Feature",
      "properties": {
        "name": "Zone 283",
        "superficie": 7774,
        "population": 4048,
        "layer": "Layer 3",
        "color": "green",
        "opacity": 0.15
      },
      "geometry": {
        "type": "Polygon",
        "coordinates": [
          [
            [
              5.346492926011178,
              45.958358266919134
            ],
            [
              5.371184100380662,
              45.879373055688205
            ],
            [
              5.381680170834476,
              45.83413992908596
            ],
            [
              5.404853264855763,
              45.79471742836388
            ],
            [
              5.577152427057176,
              45.72750602744439
            ],
            [
              5.519236974833303,
              45.648535451826056
            ],
            [
              5.514871221548364,
              45.56940978021062
            ],
            [
              5.5168330669325485,
              45.55343042263029
            ],
            [
              5.394015034826038,
              45.55661312537241
            ],
            [
              5.313361522666447,
              45.54579836521385
            ],
            [
              5.317817638276697,
              45.55276556231634
            ],
            [
              5.19640140374832,
              45.56959394103777
            ],
            [
              5.273233575359409,
              45.65756242936897
            ],
            [
              5.14634691030982,
              45.724276343698264
            ],
            [
              5.148587612160098,
              45.81669577899309
            ],
            [
              5.280740402919448,
              45.84656582449033
            ],
            [
              5.287771284703476,
              45.88050875170678
            ],
            [
              5.346492926011178,
              45.958358266919134
            ]
          ]
        ]
      }
    },
    {
      "type": "Feature",
      "properties": {
        "name": "Zone 284",
        "superficie": 3323,
        "population": 8304,
        "layer": "Layer 4",
        "color": "yellow",
        "opacity": 0.15
      },
      "geometry": {
        "type": "Polygon",
        "coordinates": [
          [
            [
              -4.646900618887777,
              44.6888238594658
            ],
            [
              -4.604390798037995,
              44.67974594971646
            ],
            [
              -4.499660576582303,
              44.6726619010524
            ],
            [
              -4.560304112379318,
              44.600627239586075
            ],
            [
              -4.38600488604165,
              44.51488521247566
            ],
            [
              -4.336702773538304,
              44.44487566654846
            ],
            [
              -4.470906070233514,
              44.39049543104562
            ],
            [
              -4.5139953231545755,
              44.30700001838566
            ],
            [
              -4.626726517514317,
              44.31984861210156
            ],
            [
              -4.668467034441335,
              44.27340906571974
            ],
            [
              -4.822750977802859,
              44.325135508396315
            ],
            [
              -4.8155400396102115,
              44.37876481552724
            ],
            [
              -4.822761882197393,
              44.43696151422904
            ],
            [
              -4.827292957789992,
              44.51353637578759
            ],
            [
              -4.918835899224167,
              44.56948687547819
            ],
            [
              -4.873715105731583,
              44.62451269337861
            ],
            [
              -4.729546420268975,
              44.719778481548325
            ],
            [
              -4.646900618887777,
              44.6888238594658
            ]
          ]
        ]
      }
    },
    {
      "type": "Feature",
      "properties": {
        "name": "Zone 285",
        "superficie": 7219,
        "population": 354,
        "layer": "Layer 1",
        "color": "red",
        "opacity": 0.15
      },
      "geometry": {
        "type": "Polygon",
        "coordinates": [
          [
            [
              6.921288612665354,
              50.68220988925887
            ],
            [
              7.018507444950104,
              50.66915957564452
            ],
            [
              7.086821987818373,
              50.60970098814662
            ],
            [
              7.133940500862006,
              50.515162264690154
            ],
            [
              7.239379355016979,
              50.42568594273635
            ],
            [
              7.170182271703846,
              50.33488238690322
            ],
            [
              7.038718740841195,
              50.30612677306157
            ],
            [
              6.943878652990722,
              50.264825830265806
            ],
            [
              6.901101526319898,
              50.29328270615643
            ],
            [
              6.830630238128648,
              50.27957694901712
            ],
            [
              6.7178801680026785,
              50.3437211004213
            ],
            [
              6.867973788448667,
              50.41855155535042
            ],
            [
              6.737397849425438,
              50.50157776065082
            ],
            [
              6.690984388136702,
              50.575643505904
            ],
            [
              6.8930590477910485,
              50.61212536933413
            ],
            [
              6.921288612665354,
              50.68220988925887
            ]
          ]
        ]
      }
    },
    {
      "type": "Feature",
      "properties": {
        "name": "Zone 286",
        "superficie": 3578,
        "population": 9078,
        "layer": "Layer 2",
        "color": "blue",
        "opacity": 0.15
      },
      "geometry": {
        "type": "Polygon",
        "coordinates": [
          [
            [
              4.516442391496156,
              45.72282409747307
            ],
            [
              4.656110135232953,
              45.680955428858866
            ],
            [
              4.707084106294094,
              45.62911423988414
            ],
            [
              4.737411469772647,
              45.52039911207073
            ],
            [
              4.615960464965612,
              45.43265824827899
            ],
            [
              4.575538161296938,
              45.35294161700712
            ],
            [
              4.430443433056875,
              45.384742595001846
            ],
            [
              4.270737098339333,
              45.430569810821005
            ],
            [
              4.212228496368188,
              45.52548737930945
            ],
            [
              4.2395777720093974,
              45.63821949412035
            ],
            [
              4.44342446555138,
              45.68447557255553
            ],
            [
              4.516442391496156,
              45.72282409747307
            ]
          ]
        ]
      }
    },
    {
      "type": "Feature",
      "properties": {
        "name": "Zone 287",
        "superficie": 5761,
        "population": 2591,
        "layer": "Layer 3",
        "color": "green",
        "opacity": 0.15
      },
      "geometry": {
        "type": "Polygon",
        "coordinates": [
          [
            [
              -3.269239521468563,
              50.788055115004845
            ],
            [
              -3.1871930768173944,
              50.81463796713598
            ],
            [
              -2.985017783820903,
              50.69856337025496
            ],
            [
              -3.0872995935196585,
              50.57789279652052
            ],
            [
              -3.1235465048571216,
              50.45571395093235
            ],
            [
              -3.269239521468563,
              50.4148043116508
            ],
            [
              -3.4451498683852755,
              50.51111370123176
            ],
            [
              -3.60157765891147,
              50.57537158437146
            ],
            [
              -3.58765767395055,
              50.69241451726502
            ],
            [
              -3.440491518058651,
              50.826371492996266
            ],
            [
              -3.269239521468563,
              50.788055115004845
            ]
          ]
        ]
      }
    },
    {
      "type": "Feature",
      "properties": {
        "name": "Zone 288",
        "superficie": 6408,
        "population": 5112,
        "layer": "Layer 4",
        "color": "yellow",
        "opacity": 0.15
      },
      "geometry": {
        "type": "Polygon",
        "coordinates": [
          [
            [
              4.387121633604041,
              46.00586617685372
            ],
            [
              4.4891452045781515,
              45.983062963891925
            ],
            [
              4.498830375390093,
              45.89382169570397
            ],
            [
              4.585144122941756,
              45.76374231839234
            ],
            [
              4.421193524756351,
              45.66839421716256
            ],
            [
              4.387121633604041,
              45.6706861304449
            ],
            [
              4.315504728449057,
              45.69166860824843
            ],
            [
              4.167064493087401,
              45.7800110803008
            ],
            [
              4.284063424556854,
              45.9100712304368
            ],
            [
              4.238270347736788,
              45.97851567935726
            ],
            [
              4.387121633604041,
              46.00586617685372
            ]
          ]
        ]
      }
    },
    {
      "type": "Feature",
      "properties": {
        "name": "Zone 289",
        "superficie": 5853,
        "population": 5540,
        "layer": "Layer 1",
        "color": "red",
        "opacity": 0.15
      },
      "geometry": {
        "type": "Polygon",
        "coordinates": [
          [
            [
              5.614031231114586,
              45.93448555132615
            ],
            [
              5.706106568148284,
              45.85770604666598
            ],
            [
              5.765445650230732,
              45.84439898586449
            ],
            [
              5.81880294674579,
              45.78367931793713
            ],
            [
              5.839072056127778,
              45.71954501573947
            ],
            [
              5.858268497541159,
              45.65532860617341
            ],
            [
              5.85455262077143,
              45.58153790045283
            ],
            [
              5.798007982227685,
              45.52652071594791
            ],
            [
              5.648716448569021,
              45.53447682431694
            ],
            [
              5.565214656373478,
              45.547206039200056
            ],
            [
              5.52761047285625,
              45.5464889087026
            ],
            [
              5.542710631360363,
              45.55854962919815
            ],
            [
              5.385198341792009,
              45.65416310338924
            ],
            [
              5.440217335837873,
              45.71453000438507
            ],
            [
              5.422376823940583,
              45.77030496370754
            ],
            [
              5.449423233232942,
              45.83411609967506
            ],
            [
              5.584532092268885,
              45.86503745885653
            ],
            [
              5.614031231114586,
              45.93448555132615
            ]
          ]
        ]
      }
    },
    {
      "type": "Feature",
      "properties": {
        "name": "Zone 290",
        "superficie": 3609,
        "population": 4509,
        "layer": "Layer 2",
        "color": "blue",
        "opacity": 0.15
      },
      "geometry": {
        "type": "Polygon",
        "coordinates": [
          [
            [
              -0.6074959738336769,
              43.96582452595341
            ],
            [
              -0.5545367657740226,
              43.9216085975843
            ],
            [
              -0.505185115002174,
              43.83427043204587
            ],
            [
              -0.2623750030223538,
              43.723849738404375
            ],
            [
              -0.3655562961504645,
              43.642573026929114
            ],
            [
              -0.5022074727527932,
              43.566806588934305
            ],
            [
              -0.6074959738336769,
              43.491942104802696
            ],
            [
              -0.674032686724597,
              43.559260263770824
            ],
            [
              -0.6538856935100543,
              43.64510541358008
            ],
            [
              -0.9182500634453852,
              43.723849738404375
            ],
            [
              -0.834178142823963,
              43.81552708403696
            ],
            [
              -0.6553005043031406,
              43.92184959371919
            ],
            [
              -0.6074959738336769,
              43.96582452595341
            ]
          ]
        ]
      }
    },
    {
      "type": "Feature",
      "properties": {
        "name": "Zone 291",
        "superficie": 4872,
        "population": 6493,
        "layer": "Layer 3",
        "color": "green",
        "opacity": 0.15
      },
      "geometry": {
        "type": "Polygon",
        "coordinates": [
          [
            [
              5.0079948799648975,
              44.508068606027024
            ],
            [
              5.086547637344488,
              44.43892130807066
            ],
            [
              5.183595600821185,
              44.41591290378936
            ],
            [
              5.24793312309303,
              44.36759724216352
            ],
            [
              5.146723137748144,
              44.27432577874701
            ],
            [
              5.2298579061391495,
              44.19199088387867
            ],
            [
              5.068465787258122,
              44.13122029401526
            ],
            [
              5.027469512970431,
              44.06816824407477
            ],
            [
              4.938021328470103,
              44.126726510027304
            ],
            [
              4.872513668475619,
              44.1663927144351
            ],
            [
              4.81923279120262,
              44.19291360312363
            ],
            [
              4.8517564044307,
              44.277038835318294
            ],
            [
              4.768360258929562,
              44.36328530562016
            ],
            [
              4.936491415402455,
              44.43505738849586
            ],
            [
              4.928382707133616,
              44.5003793963656
            ],
            [
              5.0079948799648975,
              44.508068606027024
            ]
          ]
        ]
      }
    },
    {
      "type": "Feature",
      "properties": {
        "name": "Zone 292",
        "superficie": 7187,
        "population": 1643,
        "layer": "Layer 4",
        "color": "yellow",
        "opacity": 0.15
      },
      "geometry": {
        "type": "Polygon",
        "coordinates": [
          [
            [
              2.032106711815505,
              48.68960837998562
            ],
            [
              2.07452476959904,
              48.645561733306025
            ],
            [
              2.3153544942825652,
              48.58469791465426
            ],
            [
              2.102520348760539,
              48.469801564761276
            ],
            [
              2.1250639135595932,
              48.33084310052806
            ],
            [
              2.114183617386974,
              48.33759094566996
            ],
            [
              1.954058973678808,
              48.33671059695385
            ],
            [
              1.906151069418773,
              48.351356531607316
            ],
            [
              1.8327889761374703,
              48.46560561180602
            ],
            [
              1.8748845496535973,
              48.590558506311496
            ],
            [
              1.9385228430847834,
              48.621267249763385
            ],
            [
              2.032106711815505,
              48.68960837998562
            ]
          ]
        ]
      }
    },
    {
      "type": "Feature",
      "properties": {
        "name": "Zone 293",
        "superficie": 4597,
        "population": 1480,
        "layer": "Layer 1",
        "color": "red",
        "opacity": 0.15
      },
      "geometry": {
        "type": "Polygon",
        "coordinates": [
          [
            [
              4.842824564864591,
              45.345137178529406
            ],
            [
              4.956040006331108,
              45.24958868035752
            ],
            [
              4.910988060446386,
              45.26615682914095
            ],
            [
              4.969130637420365,
              45.215438440126334
            ],
            [
              5.056549627744786,
              45.131159894062435
            ],
            [
              4.943480119064356,
              45.06192593273016
            ],
            [
              4.928038393632383,
              44.97707829391439
            ],
            [
              4.923189136421575,
              44.97645345045803
            ],
            [
              4.860028284813807,
              44.90596957201937
            ],
            [
              4.811977575625204,
              44.889424050669994
            ],
            [
              4.682238069168905,
              44.92223609149835
            ],
            [
              4.679433012073206,
              45.01482236615132
            ],
            [
              4.7627281507475745,
              45.06014608961736
            ],
            [
              4.686692357824248,
              45.129730017790436
            ],
            [
              4.572292351208126,
              45.18441643349535
            ],
            [
              4.735228422169015,
              45.24762497346883
            ],
            [
              4.8141575626012605,
              45.325778930667575
            ],
            [
              4.842824564864591,
              45.345137178529406
            ]
          ]
        ]
      }
    },
    {
      "type": "Feature",
      "properties": {
        "name": "Zone 294",
        "superficie": 6325,
        "population": 1174,
        "layer": "Layer 2",
        "color": "blue",
        "opacity": 0.15
      },
      "geometry": {
        "type": "Polygon",
        "coordinates": [
          [
            [
              5.81099907945122,
              49.811541946598204
            ],
            [
              5.957919549610016,
              49.81619170951056
            ],
            [
              6.128713449548246,
              49.68185895316347
            ],
            [
              5.874121461386937,
              49.55778827320264
            ],
            [
              5.851585509443867,
              49.477459573058155
            ],
            [
              5.81099907945122,
              49.47432047874872
            ],
            [
              5.6876247837628,
              49.45271880816071
            ],
            [
              5.644228555756408,
              49.568426752723354
            ],
            [
              5.533287877615917,
              49.68607666449028
            ],
            [
              5.6684564911644095,
              49.81812157820566
            ],
            [
              5.81099907945122,
              49.811541946598204
            ]
          ]
        ]
      }
    },
    {
      "type": "Feature",
      "properties": {
        "name": "Zone 295",
        "superficie": 3948,
        "population": 4426,
        "layer": "Layer 3",
        "color": "green",
        "opacity": 0.15
      },
      "geometry": {
        "type": "Polygon",
        "coordinates": [
          [
            [
              -1.102959107570232,
              45.62722653007301
            ],
            [
              -1.0407645892635473,
              45.60878156789601
            ],
            [
              -0.9798236326544736,
              45.61355381957078
            ],
            [
              -0.857090255096487,
              45.509982284823366
            ],
            [
              -0.8241449439358735,
              45.44272124426571
            ],
            [
              -1.0459577035237702,
              45.35517428707221
            ],
            [
              -1.0107573298421884,
              45.27646756340625
            ],
            [
              -1.084527019552239,
              45.246890100653054
            ],
            [
              -1.160198435742062,
              45.23507627648089
            ],
            [
              -1.245022792365514,
              45.27677212359147
            ],
            [
              -1.1480854478076532,
              45.345746744140925
            ],
            [
              -1.2577982101639773,
              45.44051905413165
            ],
            [
              -1.4318008659100585,
              45.52634008894597
            ],
            [
              -1.3006320172578565,
              45.61449048023842
            ],
            [
              -1.1445023485710062,
              45.62092331025085
            ],
            [
              -1.102959107570232,
              45.62722653007301
            ]
          ]
        ]
      }
    },
    {
      "type": "Feature",
      "properties": {
        "name": "Zone 296",
        "superficie": 4692,
        "population": 7439,
        "layer": "Layer 4",
        "color": "yellow",
        "opacity": 0.15
      },
      "geometry": {
        "type": "Polygon",
        "coordinates": [
          [
            [
              6.6769323878815054,
              50.64464268361683
            ],
            [
              6.753742215867021,
              50.590565155137796
            ],
            [
              6.779741134988406,
              50.581425244430896
            ],
            [
              6.754532548206828,
              50.52592521366168
            ],
            [
              6.972399702165824,
              50.47672233566759
            ],
            [
              6.879750502504838,
              50.4015406214184
            ],
            [
              6.957701365936945,
              50.331173820233964
            ],
            [
              6.720227620389656,
              50.281611261105716
            ],
            [
              6.726926543779452,
              50.22604692621671
            ],
            [
              6.720394309812892,
              50.19049406065802
            ],
            [
              6.634929667682629,
              50.21425829462595
            ],
            [
              6.6430135262608,
              50.22797235883338
            ],
            [
              6.579126582282092,
              50.2859422118439
            ],
            [
              6.414286664505244,
              50.352052735823285
            ],
            [
              6.366067448766292,
              50.40200900517279
            ],
            [
              6.511313384371441,
              50.46737462363238
            ],
            [
              6.504381265013714,
              50.538389136694875
            ],
            [
              6.48523357314332,
              50.54985833435994
            ],
            [
              6.624644571467295,
              50.576095064304766
            ],
            [
              6.6769323878815054,
              50.64464268361683
            ]
          ]
        ]
      }
    },
    {
      "type": "Feature",
      "properties": {
        "name": "Zone 297",
        "superficie": 4813,
        "population": 6395,
        "layer": "Layer 1",
        "color": "red",
        "opacity": 0.15
      },
      "geometry": {
        "type": "Polygon",
        "coordinates": [
          [
            [
              5.308684366368844,
              47.28010208766797
            ],
            [
              5.421979550801392,
              47.33664247929154
            ],
            [
              5.372370102813242,
              47.24749258287488
            ],
            [
              5.509146163961543,
              47.23051140235046
            ],
            [
              5.435720763008105,
              47.15361183276446
            ],
            [
              5.613994847536162,
              47.09007773052258
            ],
            [
              5.352805507958802,
              46.998608759871814
            ],
            [
              5.51480383882119,
              46.961418116817356
            ],
            [
              5.397191261435652,
              46.889845737335705
            ],
            [
              5.308684366368844,
              46.93313952534601
            ],
            [
              5.235506713203767,
              46.897285359241856
            ],
            [
              5.088378652304537,
              46.955743014022914
            ],
            [
              5.173203503748876,
              46.9975422580118
            ],
            [
              5.2000884815387955,
              47.0741133043981
            ],
            [
              5.160350740256624,
              47.15868567293887
            ],
            [
              5.135321479793911,
              47.20429632544172
            ],
            [
              5.25275582973184,
              47.28364212558271
            ],
            [
              5.224219055486749,
              47.311452214259454
            ],
            [
              5.308684366368844,
              47.28010208766797
            ]
          ]
        ]
      }
    },
    {
      "type": "Feature",
      "properties": {
        "name": "Zone 298",
        "superficie": 7204,
        "population": 2065,
        "layer": "Layer 2",
        "color": "blue",
        "opacity": 0.15
      },
      "geometry": {
        "type": "Polygon",
        "coordinates": [
          [
            [
              5.731258376610567,
              48.97964155514059
            ],
            [
              5.826167092401659,
              48.88377478040392
            ],
            [
              5.845489108190364,
              48.89352729658067
            ],
            [
              5.986195723862574,
              48.79851437020882
            ],
            [
              5.902492601487735,
              48.72385204902029
            ],
            [
              5.83136612129765,
              48.622236159908894
            ],
            [
              5.768861023651917,
              48.622279399202945
            ],
            [
              5.772661827428058,
              48.544457268400734
            ],
            [
              5.717497744459592,
              48.57609722501582
            ],
            [
              5.6594863308851275,
              48.58402693772847
            ],
            [
              5.6807759884944025,
              48.66342138607811
            ],
            [
              5.564110718279142,
              48.72057122773488
            ],
            [
              5.575660820959872,
              48.79263181192329
            ],
            [
              5.68538505843746,
              48.85568475494111
            ],
            [
              5.657668997486097,
              48.92512228324373
            ],
            [
              5.731258376610567,
              48.97964155514059
            ]
          ]
        ]
      }
    },
    {
      "type": "Feature",
      "properties": {
        "name": "Zone 299",
        "superficie": 5382,
        "population": 1707,
        "layer": "Layer 3",
        "color": "green",
        "opacity": 0.15
      },
      "geometry": {
        "type": "Polygon",
        "coordinates": [
          [
            [
              -3.2344054603045205,
              43.349186102494684
            ],
            [
              -3.1297749177838803,
              43.34776878800534
            ],
            [
              -3.0477904731644174,
              43.23307391259125
            ],
            [
              -2.9804773309407593,
              43.091922000328196
            ],
            [
              -3.052606658543371,
              42.96603634235207
            ],
            [
              -3.2344054603045205,
              42.99515913864161
            ],
            [
              -3.387741271741564,
              43.00368114202994
            ],
            [
              -3.4297043326425314,
              43.10999146363912
            ],
            [
              -3.4032079007673643,
              43.23910843431902
            ],
            [
              -3.271391499655004,
              43.358985365801146
            ],
            [
              -3.2344054603045205,
              43.349186102494684
            ]
          ]
        ]
      }
    },
    {
      "type": "Feature",
      "properties": {
        "name": "Zone 300",
        "superficie": 6780,
        "population": 3827,
        "layer": "Layer 4",
        "color": "yellow",
        "opacity": 0.15
      },
      "geometry": {
        "type": "Polygon",
        "coordinates": [
          [
            [
              2.7050596546262202,
              48.11467901775576
            ],
            [
              2.7515197720322906,
              48.03038092541471
            ],
            [
              2.7716160323127044,
              48.002170568727145
            ],
            [
              2.978787795754284,
              47.956501327522936
            ],
            [
              2.9918999145496965,
              47.86674786908311
            ],
            [
              2.9954772320805585,
              47.7887417578668
            ],
            [
              2.779530378833175,
              47.71879351286031
            ],
            [
              2.745167812527518,
              47.72643007121675
            ],
            [
              2.651147024533473,
              47.709849153160405
            ],
            [
              2.63310033863188,
              47.70061834348984
            ],
            [
              2.4231198319709337,
              47.816490941051576
            ],
            [
              2.490569146007773,
              47.875257632483304
            ],
            [
              2.552843061451403,
              47.9543415980374
            ],
            [
              2.453096374360866,
              48.04294869200706
            ],
            [
              2.572065670730841,
              48.113912974218344
            ],
            [
              2.7050596546262202,
              48.11467901775576
            ]
          ]
        ]
      }
    }
  ]
}